ID,keywords,acountType,joinedDate,following,z-following,followers,z-followers,location,tweet,translatedTweet,tweetType,datePosted,contentType,likes,z-likes,replies,z-replies,retweets,z-retweet,quoteTweets,z-qoute,quotedTweet
1,"peso, weak, dollar, strong",Identified,2010-04-30T16:00:00.000Z,360,-0.35,558,-0.16,Philippines,"600 per kilo? Edi wag bumili ng 1 kilo.
Solution para wag matraffic? Wag pumunta.
Peso is not weak, dollar is just strong.
No transportation issues, kulang lang diskarte.
History is like chismis

PH wins the gold medal sa mental gymnastics by a huge margin ğŸ¤­","600 per kilo? Then don't buy 1 kilo.
Solution to avoid traffic? Don't go.
Peso is not weak, dollar is just strong.
No transportation issues, just a lack of strategy.
History is like gossip

PH wins the gold medal sa mental gymnastics by a huge margin :face with hand over mouth:",Text,2022-12-29T09:46:00.000Z,"Rational, Emotional",10,-0.08,0,-0.13,5,0.11,0,-0.11,None
2,"peso, weak, dollar, strong",Anonymous,2010-06-30T16:00:00.000Z,573,-0.03,1170,-0.16,Unidentified,"Ang tawag sa uri ng statement na ito ay ""Sandrocism.""

The peso is weak not because the peso is weak. The peso is weak because the dollar is strong. https://t.co/CWYqnGJSqY","""This type of statement is called """"Sandrocism.""""

The peso is weak not because the peso is weak. The peso is weak because the dollar is strong. https://t.co/CWYqnGJSqY""","Text,Image",2022-12-24T13:57:00.000Z,Rational,14,-0.06,1,-0.11,0,-0.18,0,-0.11,None
3,"peso, weak, dollar, strong",Anonymous,2020-05-31T16:00:00.000Z,628,0.05,535,-0.16,Unidentified,"The Peso is not weak, but the dollar  is really strong uh. ğŸ˜¥ https://t.co/42hhU0fW3H","The Peso is not weak, but the dollar  is really strong uh. ğŸ˜¥ https://t.co/42hhU0fW3H","Text,Image",2022-12-12T05:03:00.000Z,Emotional,1,-0.14,1,-0.11,0,-0.18,0,-0.11,None
4,"peso, weak, dollar, strong",Anonymous,2022-09-30T16:00:00.000Z,78,-0.77,0,-0.16,Philippines,Is the peso strong because the dollar is weak na ba?????,Is the peso strong because the dollar is weak?????,"Text,Quote",2022-12-07T14:34:00.000Z,Emotional,1,-0.14,0,-0.13,0,-0.18,0,-0.11,https://twitter.com/PhilstarNews/status/1600415913941307392
5,"peso, dollar, sandro",Identified,2010-04-30T16:00:00.000Z,157,-0.65,84,-0.16,Philippines,â€œthe peso is not weak because the peso is weak. The peso is weak because the dollar is strong.â€ - SANDRO,â€œthe peso is not weak because the peso is weak. The peso is weak because the dollar is strong.â€ - SANDRO,"Text,Quote",2022-12-06T13:09:00.000Z,Rational,0,-0.14,0,-0.13,0,-0.18,0,-0.11,https://twitter.com/cnnphilippines/status/1599933393495416832
6,"peso, weak, dollar, strong",Anonymous,2013-05-31T16:00:00.000Z,198,-0.59,27503,-0.11,Unidentified,"the philippines: economic crisis
the concerts: the peso isn't weak because the peso is weak. the peso is weak because the dollar is strong","the philippines: economic crisis
the concerts: the peso isn't weak because the peso is weak. the peso is weak because the dollar is strong",Text,2022-12-03T11:08:00.000Z,Rational,143,0.73,5,-0.02,43,2.32,9,-0.01,None
7,"peso, dollar, sandro",Identified,2020-04-30T16:00:00.000Z,107,-0.73,800,-0.16,Unidentified,"Peso rises vs Dollar. But why? Is it because PHP got stronger? No. USD falls due to dovish Fed outlook. So PHP can look strong when USD weakens. Consequently, PHP can look weak when USD strengthens: The Peso is weak not because it's weak, but because the Dollar is strong. Sandro was right. https://t.co/8JIjU6aYzB","Peso rises vs Dollar. But why? Is it because PHP got stronger? No. USD falls due to dovish Fed outlook. So PHP can look strong when USD weakens. Consequently, PHP can look weak when USD strengthens: The Peso is weak not because it's weak, but because the Dollar is strong. Sandro was right. https://t.co/8JIjU6aYzB","Text,Image",2022-12-02T09:58:00.000Z,Rational,91,0.41,5,-0.02,16,0.75,2,-0.09,None
8,"peso, weak, dollar, strong",Anonymous,2022-09-30T16:00:00.000Z,42,-0.82,42,-0.16,Unidentified,the peso is weak because the dollar is strong,the peso is weak because the dollar is strong,Text,2022-11-28T15:55:00.000Z,Rational,0,-0.14,0,-0.13,0,-0.18,0,-0.11,None
9,"peso, weak, dollar, strong",Anonymous,2021-09-30T16:00:00.000Z,268,-0.49,1288,-0.16,Unidentified,the peso is weak not because its weak but because the dollar is strong!!,the peso is weak not because its weak but because the dollar is strong!!,Text,2022-11-12T15:42:00.000Z,Rational,15,-0.05,2,-0.09,0,-0.18,0,-0.11,None
10,"peso, weak, dollar, strong",Anonymous,2019-09-30T16:00:00.000Z,432,-0.24,1035,-0.16,Unidentified,â€œthe peso is weak because the dollar is strongâ€ ğŸ¥²,â€œthe peso is weak because the dollar is strongâ€ ğŸ¥²,"Text,Quote",2022-11-09T05:26:00.000Z,Emotional,7,-0.10,1,-0.11,0,-0.18,0,-0.11,https://twitter.com/polalovesiu888/status/1590212349423943680
11,"peso, weak, dollar, strong",Anonymous,2019-05-31T16:00:00.000Z,466,-0.19,410,-0.16,Unidentified,"its giving ""the peso is not weak because the peso is not weak, the peso is weak because the dollar is strong"" pt.2","its giving ""the peso is not weak because the peso is not weak, the peso is weak because the dollar is strong"" pt.3","Text,Quote",2022-11-05T15:06:00.000Z,Rational,16,-0.04,1,-0.11,0,-0.18,0,-0.11,https://twitter.com/iMPACTPH2019/status/1588793323464294400
12,"peso, weak, dollar, strong",Anonymous,2021-01-31T16:00:00.000Z,114,-0.72,65,-0.16,Unidentified,"The peso is weak because the dollar is strong

F","The peso is weak because the dollar is strong

F","Text,Quote",2022-11-04T18:16:00.000Z,Emotional,0,-0.14,0,-0.13,0,-0.18,0,-0.11,https://twitter.com/gmanews/status/1588336311752331265
13,"peso, weak, dollar, strong",Anonymous,2021-09-30T16:00:00.000Z,349,-0.37,754,-0.16,Unidentified,Peso is weak not because it's weak. Peso is weak because  dollar is strong ğŸ’ªğŸ’ªğŸ¥´ğŸ¥´,Peso is weak not because it's weak. Peso is weak because  dollar is strong ğŸ’ªğŸ’ªğŸ¥´ğŸ¥´,"Text,Quote",2022-11-03T08:57:00.000Z,Emotional,0,-0.14,0,-0.13,0,-0.18,0,-0.11,https://twitter.com/PhilippineStar/status/1588063740486115328
14,"peso, weak, dollar, strong",Identified,2009-07-31T16:00:00.000Z,413,-0.27,170,-0.16,Unidentified,hindi nga daw weak ung peso! strong nga lang daw ung dollar! kulet nyo powz ğŸ˜†,the peso is not weak! the dollar is just strong! you are stubborn ğŸ˜†,"Text,Quote",2022-11-03T08:00:00.000Z,Emotional,2,-0.13,0,-0.13,0,-0.18,0,-0.11,https://twitter.com/PhilippineStar/status/1588063740486115328
15,"peso, weak, dollar, strong",Anonymous,2013-12-31T16:00:00.000Z,1338,1.11,2863,-0.15,Philippines,The peso is weak not because the peso is weak . It is because the dollar is strong.. ğŸ¥´ğŸ«¢ğŸ«£ğŸ¤”ğŸ¥±,The peso is weak not because the peso is weak . It is because the dollar is strong.. ğŸ¥´ğŸ«¢ğŸ«£ğŸ¤”ğŸ¥±,"Text,Quote",2022-11-03T07:35:00.000Z,Emotional,0,-0.14,0,-0.13,0,-0.18,0,-0.11,https://twitter.com/cnnphilippines/status/1588063808441810944
16,"peso, weak, dollar, strong",Identified,2012-10-31T16:00:00.000Z,362,-0.35,254,-0.16,Unidentified,"Baguhin dapat nila wording:

FROM ""due to the weakening of the peso""
TO ""due to the strengthening of the dollar""

Kasi diba the peso is weak because the dollar is strong? Hahahahaha","They should change the wording:

FROM ""due to the weakening of the peso""
TO ""due to the strengthening of the dollar""

Since the peso is weak because the dollar is strong, right? Hahahahaha","Text,Quote",2022-11-03T07:08:00.000Z,"Rational, Emotional",1,-0.14,0,-0.13,0,-0.18,0,-0.11,https://twitter.com/cnnphilippines/status/1588063808441810944
17,"peso, weak, dollar, strong",Anonymous,2022-03-31T16:00:00.000Z,62,-0.79,9,-0.16,Unidentified,me when the peso is not weak because peso is weak peso is weak because dollar is strong,me when the peso is not weak because peso is weak peso is weak because dollar is strong,"Text,Quote",2022-11-01T13:44:00.000Z,Rational,0,-0.14,0,-0.13,0,-0.18,0,-0.11,https://twitter.com/dontstartswift/status/1587421653688000515
18,"peso, weak, dollar, strong",Anonymous,2021-02-28T16:00:00.000Z,146,-0.67,7,-0.16,Unidentified,Grabe nanaman kayo ang sasama niyo alam niyo namang The peso in not weak because the dollar is strong The dollar is strong because the peso is weak,You are all so mean you do know that The peso is not weak because the dollar is strong The dollar is strong because the peso is weak,"Text,Quote",2022-10-31T13:49:00.000Z,Emotional,0,-0.14,0,-0.13,0,-0.18,0,-0.11,https://twitter.com/_mo4d_/status/1586641067256205312
19,"peso, weak, dollar, strong",Anonymous,2018-07-31T16:00:00.000Z,435,-0.24,590,-0.16,Unidentified,the peso is not weak because the peso is weak. the peso is weak because the dollar is strong,the peso is not weak because the peso is weak. the peso is weak because the dollar is strong,"Text,Quote",2022-10-31T10:03:00.000Z,Rational,1,-0.14,0,-0.13,0,-0.18,0,-0.11,https://twitter.com/markgeronimo_/status/1586974879072428032
20,"peso, weak, dollar, strong",Anonymous,2021-04-30T16:00:00.000Z,759,0.25,117,-0.16,Unidentified,"More like wala na kasing natural gas sa Malampaya at kailangan na nating umangkat. Yun lang the peso is weak because the dollar is strong.

Energy crisis is imminent.","It's more like there is no natural gas in Malampaya and we need to import. That's it the peso is weak because the dollar is strong.

Energy crisis is imminent.","Text,Quote",2022-10-30T09:40:00.000Z,Rational,0,-0.14,0,-0.13,0,-0.18,0,-0.11,https://twitter.com/heartofemmaus/status/1581670046790606848
21,"peso, weak, dollar, strong",Anonymous,2022-08-31T16:00:00.000Z,985,0.58,810,-0.16,Unidentified,"#NewProfilePic the peso is not weak because the peso is weak 

The peso is weak because the dollar is strong https://t.co/CllX7I6lbQ","#NewProfilePic the peso is not weak because the peso is weak 

The peso is weak because the dollar is strong https://t.co/CllX7I6lbQ","Text,Image",2022-10-30T04:34:00.000Z,Rational,3,-0.12,0,-0.13,0,-0.18,1,-0.10,None
22,"peso, weak, dollar, strong",Anonymous,2012-05-31T16:00:00.000Z,472,-0.18,20,-0.16,Philippines,The Peso is not weak because the dollar is strong. The President is not weak because the typhoon is strong. ğŸ˜€ğŸ¤”ğŸ¤­,The Peso is not weak because the dollar is strong. The President is not weak because the typhoon is strong. ğŸ˜€ğŸ¤”ğŸ¤­,"Text,Quote",2022-10-30T03:32:00.000Z,Emotional,0,-0.14,0,-0.13,0,-0.18,0,-0.11,https://twitter.com/inquirerdotnet/status/1586281728968380416
23,"peso, weak, dollar, strong",Anonymous,2021-12-31T16:00:00.000Z,151,-0.66,177,-0.16,Unidentified,The peso is not weak because the peso is weak the peso is weak because the dollar is strong,The peso is not weak because the peso is weak the peso is weak because the dollar is strong,Text,2022-10-27T07:52:00.000Z,Rational,1,-0.14,0,-0.13,1,-0.12,0,-0.11,None
24,"peso, weak, dollar, strong",Anonymous,2022-07-31T16:00:00.000Z,50,-0.81,45,-0.16,Unidentified,"bru all i know for gen info is that the peso is not weak because the peso is weak, the peso is weak because the dollar is strong","bru all i know for gen info is that the peso is not weak because the peso is weak, the peso is weak because the dollar is strong",Text,2022-10-26T21:08:00.000Z,Rational,4,-0.12,0,-0.13,0,-0.18,0,-0.11,None
25,"peso, weak, dollar, strong",Anonymous,2020-09-30T16:00:00.000Z,291,-0.45,53,-0.16,Unidentified,"the peso isn't weak because the peso is weak, the peso is weak because the dollar is strong","the peso isn't weak because the peso is weak, the peso is weak because the dollar is strong","Text,Quote",2022-10-24T16:04:00.000Z,Rational,0,-0.14,0,-0.13,0,-0.18,0,-0.11,https://twitter.com/Suno0o0o0o/status/1584479683848335360
26,"peso, weak, dollar, strong",Anonymous,2022-09-30T16:00:00.000Z,337,-0.38,109,-0.16,Unidentified,"FPLBM: Our economy is strong. It's the other nations' economies that are weak that affected ours.

Sandra: The Peso is not weak because it is weak. The Peso is weak because the US Dollar is strong.

Babaeng Ahas: Ang galing ng mag-ama ko.

Creative Scriptwriter: Beli gud.","FPLBM: Our economy is strong. It's the other nations' economies that are weak that affected ours.

Sandra: The Peso is not weak because it is weak. The Peso is weak because the US Dollar is strong.

Snake Girl: My husband and son is excellent.

Creative Scriptwriter: Beli gud.","Text,Quote",2022-10-24T03:44:00.000Z,Rational,0,-0.14,0,-0.13,0,-0.18,0,-0.11,https://twitter.com/News5PH/status/1584111910714150912
27,"peso, weak, dollar, strong",Media,2009-04-30T16:00:00.000Z,377,-0.32,51808,-0.06,Philippines,The peso is weak because the dollar is strong.,The peso is weak because the dollar is strong.,"Text,Quote",2022-10-24T02:10:00.000Z,Rational,3,-0.12,1,-0.11,0,-0.18,0,-0.11,https://twitter.com/prinzmagtulis/status/1584364590225231872
28,"peso, weak, dollar, strong",Anonymous,2020-08-31T16:00:00.000Z,55,-0.81,35,-0.16,Unidentified,hi @.gaon at @.hyunjin chat naman kayo sakin sayang 428 php ko alam niyo namang the peso is not weak because the peso is weak. the peso is weak because the dollar is strong */nagtampo,hi @.gaon and @.hyunjin message me please my 428 php is wasted you guys do know that the peso is not weak because the peso is weak. the peso is weak because the dollar is strong */sulked,Text,2022-10-22T15:29:00.000Z,Emotional,1,-0.14,0,-0.13,0,-0.18,0,-0.11,None
29,"peso, weak, dollar, strong",Anonymous,2021-11-30T16:00:00.000Z,475,-0.18,582,-0.16,Unidentified,"sa letrang t

the peso is weak not because the peso is weak. The peso is weak because the dollar is strong.","in letter t

the peso is weak not because the peso is weak. The peso is weak because the dollar is strong.",Text,2022-10-22T14:12:00.000Z,Rational,2,-0.13,0,-0.13,0,-0.18,0,-0.11,None
30,"peso, weak, dollar, strong",Anonymous,2018-06-30T16:00:00.000Z,40,-0.83,305,-0.16,Unidentified,"its giving me peso is weak because the dollar is strong ğŸ˜”
#MissQandAQueenfinityWar","its giving me peso is weak because the dollar is strong ğŸ˜”
#MissQandAQueenfinityWar",Text,2022-10-22T05:53:00.000Z,Emotional,0,-0.14,1,-0.11,0,-0.18,0,-0.11,None
31,"peso, weak, dollar, strong",Anonymous,2020-12-31T16:00:00.000Z,1178,0.87,1357,-0.16,Philippines,the peso is weak because the dollar is strong,the peso is weak because the dollar is strong,Text,2022-10-21T00:36:00.000Z,Rational,0,-0.14,0,-0.13,0,-0.18,0,-0.11,None
32,"peso, weak, dollar, strong",Identified,2020-10-31T16:00:00.000Z,48,-0.82,59,-0.16,Unidentified,the peso is not weak because the peso is weak. the peso is weak because the dollar is strong,the peso is not weak because the peso is weak. the peso is weak because the dollar is strong,Text,2022-10-20T14:30:00.000Z,Rational,0,-0.14,1,-0.11,0,-0.18,0,-0.11,None
33,"peso, weak, dollar, strong",Anonymous,2011-06-30T16:00:00.000Z,2319,2.57,2718,-0.15,Unidentified,"""The peso is weak because the dollar is strongâ€ https://t.co/rXpDfsCIuw","""The peso is weak because the dollar is strongâ€ https://t.co/rXpDfsCIuw","Text,Image",2022-10-20T13:16:00.000Z,Rational,8,-0.09,1,-0.11,0,-0.18,0,-0.11,None
34,"peso, weak, dollar, strong",Anonymous,2021-04-30T16:00:00.000Z,1290,1.04,1374,-0.16,Unidentified,it's not that the peso is weak. it's just that the dollar is strong https://t.co/UaAs1W29tL,it's not that the peso is weak. it's just that the dollar is strong https://t.co/UaAs1W29tL,"Text,Image",2022-10-20T07:55:00.000Z,Rational,9,-0.09,1,-0.11,0,-0.18,0,-0.11,None
35,"peso, weak, dollar, strong",Anonymous,2022-10-31T16:00:00.000Z,743,0.22,778,-0.16,Unidentified,the ğŸ˜¤ peso ğŸ¤‘ is ğŸ¦¶ not ğŸš« weak ğŸ˜« because ğŸ˜ the ğŸ‘¯ peso ğŸ¤‘ is ğŸ¥“ weak ğŸ˜« the ğŸ‘€ peso ğŸ¤‘ is ğŸ˜’ weak ğŸ˜« because ğŸ¤¢ the ğŸ—£ï¸ dollar ğŸ’µ is ğŸ˜ strong ğŸ’ª,the ğŸ˜¤ peso ğŸ¤‘ is ğŸ¦¶ not ğŸš« weak ğŸ˜« because ğŸ˜ the ğŸ‘¯ peso ğŸ¤‘ is ğŸ¥“ weak ğŸ˜« the ğŸ‘€ peso ğŸ¤‘ is ğŸ˜’ weak ğŸ˜« because ğŸ¤¢ the ğŸ—£ï¸ dollar ğŸ’µ is ğŸ˜ strong ğŸ’ª,Text,2022-10-20T07:00:00.000Z,Emotional,2,-0.13,1,-0.11,0,-0.18,0,-0.11,None
36,"peso, weak, dollar, strong",Anonymous,2022-09-30T16:00:00.000Z,229,-0.55,81,-0.16,Unidentified,HAPPENING NOW: â€œThe peso is not weak because the peso is weak. The peso is weak because the dollar is strong.â€ https://t.co/TvNmhXMN7Z,HAPPENING NOW: â€œThe peso is not weak because the peso is weak. The peso is weak because the dollar is strong.â€ https://t.co/TvNmhXMN7Z,"Text,Image",2022-10-20T04:43:00.000Z,Rational,14,-0.06,0,-0.13,0,-0.18,0,-0.11,None
37,"peso, weak, dollar, strong",Anonymous,2021-10-31T16:00:00.000Z,1081,0.73,4127,-0.15,Unidentified,"""peso is not weak because peso is weak, peso is weak because the dollar is strong""","""peso is not weak because peso is weak, peso is weak because the dollar is strong""",Text,2022-10-19T17:04:00.000Z,Rational,3,-0.12,0,-0.13,1,-0.12,0,-0.11,None
38,"peso, weak, dollar, strong",Identified,2017-08-31T16:00:00.000Z,351,-0.36,740,-0.16,Philippines,The PESO is not WEAK because PESO is WEAK. The PESO is WEAK because DOLLAR is STRONG.,The PESO is not WEAK because PESO is WEAK. The PESO is WEAK because DOLLAR is STRONG.,Text,2022-10-19T15:04:00.000Z,Rational,0,-0.14,0,-0.13,0,-0.18,0,-0.11,None
39,"peso, weak, dollar, strong",Anonymous,2010-06-30T16:00:00.000Z,234,-0.54,152,-0.16,Philippines,"Ban K-stuff? Another story of the Peso is weak because the Dollar is strong. Same vibes. Sa halip na ayusin ang sarili, pupunahin ang pag-angat ng iba. Classic crab mentality.","Ban K-stuff? Another story of the Peso is weak because the Dollar is strong. Same vibes. Instead of fixing themselves, they instead criticize the improvement of others. Classic crab mentality.",Text,2022-10-19T05:53:00.000Z,"Rational, Emotional",3,-0.12,0,-0.13,0,-0.18,0,-0.11,None
40,"peso, weak, dollar, strong",Anonymous,2017-10-31T16:00:00.000Z,724,0.19,697,-0.16,Unidentified,might have to update mah comm prices in the near future bc the peso is not weak because the peso is weak. the peso is weak becuase the dollar is strong ğŸ¤ªğŸ¤¡ğŸ¤‘ğŸ’¸â¤ï¸ğŸ’šâ¤ï¸ğŸ’šâ¤ï¸ğŸ’š,might have to update my comm prices in the near future because the peso is not weak because the peso is weak. the peso is weak because the dollar is strong ğŸ¤ªğŸ¤¡ğŸ¤‘ğŸ’¸â¤ï¸ğŸ’šâ¤ï¸ğŸ’šâ¤ï¸ğŸ’š,Text,2022-10-19T03:05:00.000Z,Emotional,3,-0.12,0,-0.13,0,-0.18,0,-0.11,None
41,"peso, weak, dollar, strong",Identified,2009-11-30T16:00:00.000Z,183,-0.61,90910,0.01,Philippines,"And while the peso is weak bc the dollar is strong, most of the goods are also getting strongly unaffordable. Remember pancit canton when it was just Php6.00? Busog ka na sa Php20 mo noon. Ngayon kahit yung isang basong coke Php50+ na, eh 25 lang yung litro dati eh. Hays","And while the peso is weak bc the dollar is strong, most of the goods are also getting strongly unaffordable. Remember pancit canton when it was just Php6.00? You are already full with your Php20 back then. Nowadays one glass of coke is already Php50+, but 1 liter is only 25 back then. Hays",Text,2022-10-18T13:59:00.000Z,Emotional,32,0.05,0,-0.13,1,-0.12,0,-0.11,None
42,"peso, weak, dollar, strong",Anonymous,2021-10-31T16:00:00.000Z,1113,0.77,391,-0.16,Unidentified,what do you mean by we? dont you know that the peso is not weak because the peso is weak. the peso is weak because the dollar is strong. dont we-we us,what do you mean by we? dont you know that the peso is not weak because the peso is weak. the peso is weak because the dollar is strong. dont we-we us,Text,2022-10-18T11:03:00.000Z,Emotional,0,-0.14,0,-0.13,0,-0.18,0,-0.11,None
43,"peso, weak, dollar, strong",Anonymous,2009-10-31T16:00:00.000Z,873,0.42,808,-0.16,Unidentified,"There is a saying, na di maintindihan ng nga Pinklawan; ""the peso is weak, not because it is weak. It is weak because the dollar is strong."" Tara mag Japan na tayo. https://t.co/PUGwfEhhjd","There is a saying, that the Pinklawan can't understand; ""the peso is weak, not because it is weak. It is weak because the dollar is strong."" Come on, let's go to Japan. https://t.co/PUGwfEhhjd","Text,Image",2022-10-18T00:30:00.000Z,Emotional,9,-0.09,1,-0.11,3,0.00,1,-0.10,None
44,"peso, weak, dollar, strong",Anonymous,2021-12-31T16:00:00.000Z,210,-0.57,169,-0.16,Unidentified,The peso is weak not because the peso is weak. The peso is weak because the dollar is strong https://t.co/gJzOQzIykv,The peso is weak not because the peso is weak. The peso is weak because the dollar is strong https://t.co/gJzOQzIykv,"Text,Image",2022-10-17T12:51:00.000Z,Rational,1,-0.14,2,-0.09,0,-0.18,0,-0.11,None
45,"peso, weak, dollar, strong",Anonymous,2022-03-31T16:00:00.000Z,66,-0.79,15,-0.16,Unidentified,nasa â‚±3k yung the link+ sa beyond live ğŸ˜¢ laurd gusto ko lang naman sumaya pero the peso is not weak bcos it's weak. the peso is weak bcos the dollar is strong (bwakanang pinoy nga pala ako) ğŸ’”,The link+ in beyond live is â‚±3k ğŸ˜¢ laurd I just want to be happy but the peso is not weak because it's weak. the peso is weak because the dollar is strong (bwakanang oh yeah I am pinoy) ğŸ’”,Text,2022-10-17T12:23:00.000Z,Emotional,0,-0.14,0,-0.13,0,-0.18,0,-0.11,None
46,"peso, weak, dollar, strong",Anonymous,2014-04-30T16:00:00.000Z,336,-0.39,485,-0.16,Unidentified,The peso is not weak because the peso is weak. The peso is weak because the dollar is strong. https://t.co/uKWWRQiRJW,The peso is not weak because the peso is weak. The peso is weak because the dollar is strong. https://t.co/uKWWRQiRJW,"Text,Image,Quote",2022-10-17T11:13:00.000Z,Rational,0,-0.14,0,-0.13,0,-0.18,0,-0.11,https://twitter.com/JYPETWICE/status/1581887735631155200
47,"peso, weak, dollar, strong",Anonymous,2020-05-31T16:00:00.000Z,109,-0.72,91,-0.16,Unidentified,ğŸ”¥ğŸ”¥ğŸ”¥ğŸ”¥ğŸ”¥ğŸš’ Sunog! ğŸ¤£The peso is weak because the dollar is strong.,ğŸ”¥ğŸ”¥ğŸ”¥ğŸ”¥ğŸ”¥ğŸš’ Burn! ğŸ¤£The peso is weak because the dollar is strong.,Text,2022-10-17T02:31:00.000Z,Emotional,0,-0.14,0,-0.13,0,-0.18,0,-0.11,None
48,"peso, weak, dollar, strong",Anonymous,2021-12-31T16:00:00.000Z,130,-0.69,73,-0.16,Unidentified,the peso ğŸ¤‘ is weak ğŸ˜° because the ğŸ’° peso is not ğŸš« weak ğŸ˜“. the peso is weak because the dollar ğŸ’µ is strong ğŸ’ª,the peso ğŸ¤‘ is weak ğŸ˜° because the ğŸ’° peso is not ğŸš« weak ğŸ˜“. the peso is weak because the dollar ğŸ’µ is strong ğŸ’ª,Text,2022-10-16T14:03:00.000Z,Emotional,0,-0.14,0,-0.13,0,-0.18,0,-0.11,None
49,"peso, weak, dollar, strong",Anonymous,2021-09-30T16:00:00.000Z,1472,1.31,1096,-0.16,Unidentified,"Guys always remember na the peso is not weak bcuz the peso weak, the peso is week bcuz the dollar is strong ğŸ«¶","Guys always remember na the peso is not weak because the peso weak, the peso is week because the dollar is strong ğŸ«¶",Text,2022-10-16T07:01:00.000Z,Emotional,5,-0.11,7,0.02,0,-0.18,0,-0.11,None
50,"peso, weak, dollar, strong",Identified,2010-01-31T16:00:00.000Z,200,-0.59,106,-0.16,Unidentified,"Ma, ang daming afam ngayon sa MOA. As in. Feeling ko nandito na ang mag-aahon sa pamilya ko sa laylayan ng lipunan.

Pero mas ramdam kong kaya sila dagsa dito dahil alam nilang the peso is weak because the dollar is strong. Eme ğŸ¤¡","Ma, there are so many afam in MOA. As in. I feel like the one who will save my family from poverty is here.

But it's more possible that many of them are here because they know that the peso is weak because the dollar is strong. Eme ğŸ¤¡",Text,2022-10-16T04:41:00.000Z,Emotional,0,-0.14,0,-0.13,0,-0.18,0,-0.11,None
51,"peso, dollar, sandro",Identified,2013-02-28T16:00:00.000Z,73,-0.78,26,-0.16,Unidentified,"Gone in a snap:' OFW families bear brunt of weak peso

https://t.co/lVR10TXlXb

""The peso is not weak, because the peso is weak. The peso is weak because the dollar is strong.""Â - Sandro Marcos, Dev't Studies graduate from the London School of Economics

https://t.co/NF8p7pxjWX -","Gone in a snap:' OFW families bear brunt of weak peso

https://t.co/lVR10TXlXb

""The peso is not weak, because the peso is weak. The peso is weak because the dollar is strong.""Â - Sandro Marcos, Dev't Studies graduate from the London School of Economics

https://t.co/NF8p7pxjWX -","Text,URL",2022-10-16T04:09:00.000Z,Rational,0,-0.14,0,-0.13,0,-0.18,0,-0.11,None
52,"peso, dollar, sandro",Anonymous,2013-07-31T16:00:00.000Z,1095,0.75,43878,-0.08,Unidentified,"Sandro Marcos got it right. The way he said is just kinda funny, but still right

The Peso is weak not because the Peso is weak but because the Dollar is strong

Peso is actually holding up well vs the other major currencies like Euro Yen etc https://t.co/h13sRydhYV","Sandro Marcos got it right. The way he said is just kinda funny, but still right

The Peso is weak not because the Peso is weak but because the Dollar is strong

Peso is actually holding up well vs the other major currencies like Euro Yen etc https://t.co/h13sRydhYV","Text,Image",2022-10-15T23:43:00.000Z,Rational,48,0.15,4,-0.05,15,0.69,0,-0.11,None
53,"peso, weak, dollar, strong",Identified,2022-09-30T16:00:00.000Z,1,-0.89,2,-0.16,Unidentified,â€˜The peso is weak becauseÂ  the dollar is strongâ€™ https://t.co/rGFFFT9Hi3,â€˜The peso is weak becauseÂ  the dollar is strongâ€™ https://t.co/rGFFFT9Hi4,"Text,URL",2022-10-15T14:29:00.000Z,Rational,0,-0.14,0,-0.13,0,-0.18,0,-0.11,None
54,"peso, weak, dollar, strong",Anonymous,2022-03-31T16:00:00.000Z,72,-0.78,71,-0.16,Unidentified,the peso is weak because the dollar is strong ğŸ˜,the peso is weak because the dollar is strong ğŸ˜,Text,2022-10-15T11:49:00.000Z,Emotional,3,-0.12,0,-0.13,0,-0.18,0,-0.11,None
55,"peso, weak, dollar, strong",Identified,2016-12-31T16:00:00.000Z,73,-0.78,25,-0.16,Unidentified,"The peso is not weak because the peso is weak, the peso is weak because the dollar is strong","The peso is not weak because the peso is weak, the peso is weak because the dollar is strong",Text,2022-10-15T11:24:00.000Z,Rational,0,-0.14,0,-0.13,0,-0.18,0,-0.11,None
56,"peso, weak, dollar, strong",Anonymous,2021-11-30T16:00:00.000Z,60,-0.80,23,-0.16,Unidentified,The peso is weak because the dollar is strong. ğŸ’¯ğŸ’¯,The peso is weak because the dollar is strong. ğŸ’¯ğŸ’¯,Text,2022-10-15T03:37:00.000Z,Rational,0,-0.14,1,-0.11,0,-0.18,0,-0.11,None
57,"peso, weak, dollar, strong",Anonymous,2022-10-31T16:00:00.000Z,0,-0.89,0,-0.16,Unidentified,"the peso is not weak bcs the peso is weak, the peso is weak bcs the dollar is strong","the peso is not weak because the peso is weak, the peso is weak because the dollar is strong",Text,2022-10-14T17:01:00.000Z,Rational,0,-0.14,0,-0.13,0,-0.18,0,-0.11,None
58,"peso, weak, dollar, strong",Anonymous,2022-09-30T16:00:00.000Z,126,-0.70,202,-0.16,Unidentified,the peso is not weak because the peso is weak. the peso is weak because the dollar is strong.,the peso is not weak because the peso is weak. the peso is weak because the dollar is strong.,Text,2022-10-14T17:00:00.000Z,Rational,0,-0.14,0,-0.13,0,-0.18,0,-0.11,None
59,"peso, weak, dollar, strong",Anonymous,2020-06-30T16:00:00.000Z,1453,1.28,1152,-0.16,Philippines,the peso is not weak because the peso is weak the peso is weak because the dollar is strong,the peso is not weak because the peso is weak the peso is weak because the dollar is strong,Text,2022-10-14T16:28:00.000Z,Rational,1,-0.14,0,-0.13,0,-0.18,0,-0.11,None
60,"peso, dollar, sandro",Anonymous,2020-05-31T16:00:00.000Z,259,-0.50,190,-0.16,Philippines,"The peso is not weak because the peso is weak, the peso is weak because the dollar is strong amputa HAHAHAHAHAHAHA Lt Gago sana naging comedian ka nlng po nakaka entertain ka masyado yung utak niyo kasi kajolen lang eh charot HAHAHAHAHAHA LT NIYO SIR SANDRO LABYU LODI âœŒï¸ğŸ’šâ¤ï¸ğŸ˜…",,Text,2022-10-14T15:52:00.000Z,Emotional,0,-0.14,0,-0.13,0,-0.18,0,-0.11,None
61,"peso, weak, dollar, strong",Anonymous,2020-05-31T16:00:00.000Z,607,0.02,150,-0.16,Unidentified,the peso is not weak bc the peso is weak the peso is weak bc the dollar is strong,the peso is not weak because the peso is weak the peso is weak because the dollar is strong,Text,2022-10-14T14:27:00.000Z,Rational,1,-0.14,0,-0.13,0,-0.18,0,-0.11,None
62,"peso, weak, dollar, strong",Anonymous,2017-10-31T16:00:00.000Z,670,0.11,72,-0.16,Philippines,The peso is weak because the dollar is strong.,The peso is weak because the dollar is strong.,"Text,Quote",2022-10-14T12:43:00.000Z,Rational,0,-0.14,0,-0.13,0,-0.18,0,-0.11,https://twitter.com/rowena_guanzon/status/1580727954891767808
63,"peso, weak, dollar, strong",Anonymous,2021-02-28T16:00:00.000Z,227,-0.55,235,-0.16,Philippines,â€œthe peso is not weak because the peso is weak. the peso is weak because the dollar is strong.â€ ano dawğŸ’€ğŸ’€,â€œthe peso is not weak because the peso is weak. the peso is weak because the dollar is strong.â€ what did he sayğŸ’€ğŸ’€,Text,2022-10-14T11:25:00.000Z,Emotional,0,-0.14,1,-0.11,0,-0.18,0,-0.11,None
64,"peso, weak, dollar, strong",Anonymous,2021-12-31T16:00:00.000Z,1199,0.90,1306,-0.16,Unidentified,saulo ko na yung the peso is not weak because the peso is weak the peso is weak because the dollar is strong,i will remember that the peso is not weak because the peso is weak the peso is weak because the dollar is strong,Text,2022-10-14T11:03:00.000Z,Rational,0,-0.14,0,-0.13,0,-0.18,0,-0.11,None
65,"peso, weak, dollar, strong",Anonymous,2022-06-30T16:00:00.000Z,683,0.13,739,-0.16,Unidentified,The peso is not weak bc the peso is weak the peso is weak bc the dollar is strong,The peso is not weak because the peso is weak the peso is weak because the dollar is strong,Text,2022-10-14T10:59:00.000Z,Rational,3,-0.12,2,-0.09,0,-0.18,1,-0.10,None
66,"peso, weak, dollar, strong",Anonymous,2017-09-30T16:00:00.000Z,3761,4.72,3842,-0.15,Unidentified,"nyenyenye magalit man kayo sakin the peso is not weak bc the peso is weak, the peso is weak bc the dollar is strong!","nyenyenye even if you get mad at me the peso is not weak because the peso is weak, the peso is weak because the dollar is strong!",Text,2022-10-14T06:08:00.000Z,Emotional,2,-0.13,0,-0.13,0,-0.18,0,-0.11,None
67,"peso, weak, dollar, strong",Anonymous,2019-07-31T16:00:00.000Z,176,-0.62,470,-0.16,Unidentified,peso is weak bc dollar is strong,peso is weak because dollar is strong,"Text,Quote",2022-10-14T05:41:00.000Z,Rational,1,-0.14,0,-0.13,0,-0.18,0,-0.11,https://twitter.com/LucasImperial5/status/1580355832872828928
68,"peso, weak, dollar, strong",Anonymous,2022-04-30T16:00:00.000Z,31,-0.84,0,-0.16,Unidentified,"Wait, is this about the Peso Weak/Dollar Strong? Also questioning his achievements, when in fact the Peso Weak/Dollar Strong statement was actually right too? You can't hate on something right, that's idiotic. Please explain what the tweet was talking about.","Wait, is this about the Peso Weak/Dollar Strong? Also questioning his achievements, when in fact the Peso Weak/Dollar Strong statement was actually right too? You can't hate on something right, that's idiotic. Please explain what the tweet was talking about.","Text,Quote",2022-10-13T23:03:00.000Z,"Transactional, Emotional",0,-0.14,0,-0.13,0,-0.18,0,-0.11,https://twitter.com/MiaMagdalena/status/1580328809173504000
69,"peso, weak, dollar, strong",Anonymous,2012-05-31T16:00:00.000Z,597,0.00,326,-0.16,Unidentified,"We all know that the dollar is strong  and peso is weak. But are they doing anything to atleast combat the effects of the weakness of peso?

Yes we can't control such but we can control our own. All we want to see is for the gov to support the domestic economy.","We all know that the dollar is strong  and peso is weak. But are they doing anything to at least combat the effects of the weakness of peso?

Yes we can't control such but we can control our own. All we want to see is for the government to support the domestic economy.",Text,2022-10-13T14:11:00.000Z,"Rational, Transactional",0,-0.14,0,-0.13,0,-0.18,0,-0.11,None
70,"peso, weak, dollar, strong",Anonymous,2013-05-31T16:00:00.000Z,600,0.01,400,-0.16,Unidentified,"Tell me the peso is weak without telling me the peso is weak.

Answer: The dollar is strong.","Tell me the peso is weak without telling me the peso is weak.

Answer: The dollar is strong.",Text,2022-10-13T13:09:00.000Z,Rational,1,-0.14,0,-0.13,0,-0.18,0,-0.11,None
71,"peso, weak, dollar, strong",Identified,2021-10-31T16:00:00.000Z,133,-0.69,10,-0.16,Philippines,"Peso is not weak
Because peso is weak
The peso is weak because
The dollar is strong
- cong. Sandro Marcos","Peso is not weak
Because peso is weak
The peso is weak because
The dollar is strong
- cong. Sandro Marcos",Text,2022-10-13T12:50:00.000Z,Rational,1,-0.14,0,-0.13,0,-0.18,0,-0.11,None
72,"peso, weak, dollar, strong",Anonymous,2022-07-31T16:00:00.000Z,126,-0.70,98,-0.16,Unidentified,bakit naman ganyan Senator. the peso is not weak. the peso is weak because the dollar is strong. ganun yun,why is it like that Senator. the peso is not weak. the peso is weak because the dollar is strong. that's it,"Text,Quote",2022-10-13T11:26:00.000Z,Rational,1,-0.14,0,-0.13,0,-0.18,0,-0.11,https://twitter.com/iampinglacson/status/1580411454070886400
73,"peso, weak, dollar, strong",Identified,2009-07-31T16:00:00.000Z,161,-0.65,173,-0.16,Philippines,No! The peso is too weak because the dollar is too strong. ğŸ¤ª,No! The peso is too weak because the dollar is too strong. ğŸ¤ª,"Text,Quote",2022-10-13T10:08:00.000Z,Emotional,0,-0.14,0,-0.13,0,-0.18,0,-0.11,https://twitter.com/bookpoets/status/1580463648417361921
74,"peso, weak, dollar, strong",Anonymous,2020-07-31T16:00:00.000Z,224,-0.55,22,-0.16,Unidentified,"the peso is not weak because the peso is weak, its because the dollar is strong ğŸ˜ğŸ’ªğŸ’ª https://t.co/KLAQPZdyuD","the peso is not weak because the peso is weak, its because the dollar is strong ğŸ˜ğŸ’ªğŸ’ª https://t.co/KLAQPZdyuD","Text,Image",2022-10-13T10:04:00.000Z,Emotional,3,-0.12,1,-0.11,0,-0.18,0,-0.11,None
75,"peso, weak, dollar, strong",Anonymous,2009-10-31T16:00:00.000Z,861,0.40,1095,-0.16,Unidentified,Hindi weak ang peso ah. Strong lang ang dollar. Tandaan nyo yan ğŸ¤£,The peso is not weak. The dollar is just strong. Remember that ğŸ¤£,"Text,Quote",2022-10-13T09:32:00.000Z,Emotional,0,-0.14,0,-0.13,0,-0.18,0,-0.11,https://twitter.com/ABSCBNNews/status/1580491029572190210
76,"peso, weak, dollar, strong",Anonymous,2021-08-31T16:00:00.000Z,116,-0.71,50,-0.16,Unidentified,"Peso is weak because the dollar is strong, and dollar is strong because it's one of the safest currency in the world. So, here I am putting some savings in USDT (Tether) Stablecoin. Because I won't let my hard-earned money be beaten by this worldwide inflation. #Cryptocurency","Peso is weak because the dollar is strong, and dollar is strong because it's one of the safest currency in the world. So, here I am putting some savings in USDT (Tether) Stablecoin. Because I won't let my hard-earned money be beaten by this worldwide inflation. #Cryptocurency",Text,2022-10-13T09:21:00.000Z,Rational,0,-0.14,0,-0.13,0,-0.18,0,-0.11,None
77,"peso, weak, dollar, strong",Anonymous,2021-02-28T16:00:00.000Z,277,-0.47,814,-0.16,Unidentified,I would like to make one thing clear... the peso is not weak because the peso is weak. The peso is weak because the dollar is strong,I would like to make one thing clear... the peso is not weak because the peso is weak. The peso is weak because the dollar is strong,"Text,Quote",2022-10-13T09:09:00.000Z,Rational,2,-0.13,1,-0.11,0,-0.18,0,-0.11,https://twitter.com/khjholdings/status/1580484704968769537
78,"peso, weak, dollar, strong",Identified,2009-09-30T16:00:00.000Z,270,-0.48,636,-0.16,Philippines,The peso is not weak because the peso is weak. The peso is weak because the dollar is strong.,The peso is not weak because the peso is weak. The peso is weak because the dollar is strong.,"Text,Quote",2022-10-13T08:29:00.000Z,Rational,1,-0.14,0,-0.13,0,-0.18,0,-0.11,https://twitter.com/ABSCBNNews/status/1580470462077104129
79,"peso, weak, dollar, strong",Anonymous,2021-08-31T16:00:00.000Z,71,-0.78,42,-0.16,Unidentified,"""The peso is not weak because the peso is weak the peso is weak because the dollar is strong"" so simple dami kasing ebas","""The peso is not weak because the peso is weak the peso is weak because the dollar is strong"" it's so simple",Text,2022-10-13T01:29:00.000Z,Rational,0,-0.14,0,-0.13,0,-0.18,0,-0.11,None
80,"peso, weak, dollar, strong",Anonymous,2018-10-31T16:00:00.000Z,223,-0.55,205,-0.16,Philippines,teacher pa naman kayo sa ecom tapos kayo pa yung di naka gets ng the peso is weak bcoz the dollar is strong. ano pa nga ba tatanda na kayo sa prvt school,you are a teacher in ecom yet you didn't understand the peso is weak because the dollar is strong. you are gonna get old in privateschool,Text,2022-10-12T23:28:00.000Z,Emotional,0,-0.14,0,-0.13,0,-0.18,0,-0.11,None
81,"peso, weak, dollar, strong",Anonymous,2022-10-31T16:00:00.000Z,483,-0.17,58,-0.16,Unidentified,Sandro tama sa totoo.lng the peso is weak because the.dollor is strong ...kse nga di na kasalanan ng gobyerno un america rin kse nagpapataas nian para bumagsak.ang piso sino ba makikinabang ng pagtass ng dollar eh di ung mga nagaabroad ...saya nga nila kase nga mataas palitan ..,Sandro you are right truth be told the peso is weak because the dollar is strong ...it's not the government's fault it is america who increases the dollar's value for the peso to fall who will benefit from this it is those who are migrating to abroad...they are happy because the conversion rate is high ..,Text,2022-10-12T20:57:00.000Z,Rational,0,-0.14,0,-0.13,0,-0.18,0,-0.11,None
82,"peso, weak, dollar, strong",Anonymous,2015-01-31T16:00:00.000Z,578,-0.02,465,-0.16,Unidentified,"The peso is not weak because the peso is weak, the peso is weak because the dollar is strong","The peso is not weak because the peso is weak, the peso is weak because the dollar is strong","Text,Quote",2022-10-12T18:09:00.000Z,Rational,0,-0.14,0,-0.13,0,-0.18,0,-0.11,https://twitter.com/naayrhh/status/1579823328050958336
83,"peso, weak, dollar, strong",Anonymous,2020-07-31T16:00:00.000Z,306,-0.43,389,-0.16,Philippines,"I saw some people making fun of this statement, but what he said made sense. The peso is not weak because the peso is weak. The peso is weak because the dollar is strong! Pound to peso is still pretty much the same. Itâ€™s not weak, the dollar is just strong. 

Hang tough Sandro! https://t.co/PHcCRlMCEu","I saw some people making fun of this statement, but what he said made sense. The peso is not weak because the peso is weak. The peso is weak because the dollar is strong! Pound to peso is still pretty much the same. Itâ€™s not weak, the dollar is just strong. 

Hang tough Sandro! https://t.co/PHcCRlMCEu","Text,Image",2022-10-12T16:35:00.000Z,Rational,0,-0.14,0,-0.13,0,-0.18,1,-0.10,None
84,"peso, weak, dollar, strong",Anonymous,2019-05-31T16:00:00.000Z,121,-0.71,39,-0.16,Philippines,"the peso is not weak because the peso is weak, the peso is weak because the dollar is strong","the peso is not weak because the peso is weak, the peso is weak because the dollar is strong","Text,Quote",2022-10-12T16:07:00.000Z,Rational,0,-0.14,0,-0.13,0,-0.18,0,-0.11,https://twitter.com/JoaquinRedReyes/status/1580112771760283648
85,"peso, weak, dollar, strong",Anonymous,2021-08-31T16:00:00.000Z,520,-0.11,200,-0.16,Philippines,I don't understand bakit ginagawang joke yung statement ni sandro na â€œPeso is weak because dollar is strongâ€ ??? Is there something wrong with the fact he stated????,I don't understand they are treating this statement of Sandro as a joke â€œPeso is weak because dollar is strongâ€ ??? Is there something wrong with the fact he stated????,Text,2022-10-12T13:58:00.000Z,Emotional,1,-0.14,0,-0.13,0,-0.18,0,-0.11,None
86,"peso, weak, dollar, strong",Anonymous,2016-05-31T16:00:00.000Z,145,-0.67,125,-0.16,Unidentified,I would like to make one thing clear...the peso is not weak because the peso is weak. The peso is weak because the dollar is strong. ğŸ˜”âœŒğŸ¼â¤ï¸ğŸ’š,I would like to make one thing clear...the peso is not weak because the peso is weak. The peso is weak because the dollar is strong. ğŸ˜”âœŒğŸ¼â¤ï¸ğŸ’š,Text,2022-10-12T12:36:00.000Z,"Rational, Emotional",2,-0.13,1,-0.11,0,-0.18,0,-0.11,None
87,"peso, weak, dollar, strong",Anonymous,2022-02-28T16:00:00.000Z,2629,3.04,3018,-0.15,Unidentified,"Sandro is not wrong, because he is wrong. Sandro is wrong because your brains are f*cked up &amp; don't understand simple english, math, &amp; econ.
For the stupid f*ckers out there, eat the data below!
The peso is not weak,coz the peso is weak. The peso is weak coz the dollar is strong. https://t.co/NUkjeku86E","Sandro is not wrong, because he is wrong. Sandro is wrong because your brains are f*cked up &don't understand simple english, math, & econ.
For the stupid f*ckers out there, eat the data below!
The peso is not weak, because the peso is weak. The peso is weak because the dollar is strong. https://t.co/NUkjeku86E","Text,Image",2022-10-12T06:57:00.000Z,"Rational, Emotional",137,0.69,15,0.19,30,1.56,4,-0.06,None
88,"peso, weak, dollar, strong",Identified,2019-10-31T16:00:00.000Z,224,-0.55,296,-0.16,Unidentified,"The peso is not weak because the peso is weak, the peso is weak because the dollar is strong","The peso is not weak because the peso is weak, the peso is weak because the dollar is strong",Text,2022-10-12T04:50:00.000Z,Rational,13,-0.06,0,-0.13,0,-0.18,1,-0.10,None
89,"peso, weak, dollar, strong",Anonymous,2021-07-31T16:00:00.000Z,61,-0.80,114,-0.16,Philippines,"""The peso is not weak because the peso is weak. The peso is weak because the dollar is strong.""

Sobrang linaw pero hirap na hirap yung mga may indoctrinated braincell ni joma intindihin sinabi ni sandro.","""The peso is not weak because the peso is weak. The peso is weak because the dollar is strong.""

It's very clear but those who have an indoctrinated braincell of joma are having a very hard time in understanding what sandro said.",Text,2022-10-11T09:36:00.000Z,"Rational, Emotional",25,0.01,3,-0.07,3,0.00,0,-0.11,None
90,"peso, dollar, sandro",Anonymous,2009-12-31T16:00:00.000Z,195,-0.60,233,-0.16,Philippines,"I think nothing is wrong sa statement ni Sandro boy sa peso-dollar shit. Thing is, people in the opposition loves to romanticize trivial things to put someone in a bad light. In fact, mas ulaw pa ang UNSLEFLESS gani, in all aspects of interpretation","I think nothing is wrong sa statement ni Sandro boy sa peso-dollar shit. Thing is, people in the opposition loves to romanticize trivial things to put someone in a bad light. In fact, UNSELFLESS is even more shameful, in all aspects of interpretation",Text,2022-10-12T11:17:00.000Z,Emotional,2,-0.13,2,-0.09,0,-0.18,0,-0.11,None
91,"peso, dollar, sandro",Anonymous,2020-12-31T16:00:00.000Z,560,-0.05,460,-0.16,Unidentified,"yung mga totoong economista sang-ayon sa sinabi ni Sandro abt the peso vs dollar, pero yung mga feeling economista daming kuda hindi naman pala gets yung pinopoint out ng Congressman. Mag shut up nalang lage jud beh.","The real economists agree with what Sandro said about the peso vs dollar, but those fake economists who don't get what the Congressman is pointing out keeps on speaking up. Just shut up.",Text,2022-10-12T09:43:00.000Z,Emotional,0,-0.14,0,-0.13,0,-0.18,0,-0.11,None
92,"peso, dollar, sandro",Anonymous,2022-02-28T16:00:00.000Z,462,-0.20,387,-0.16,Philippines,"Tama si Sandro, kung yung Indian Rupee nga eh 82 compared to US dollar  samantalang dati halos pantay lang yung value sa Phil. Peso.  Yun ang ibig sabihin ni Sandro, strong lang talaga ang US dollar.  Di lang magets ng iba o sadyang nagtatangatangahan, para makapanira lang.","Sandro is right, even the Indian Rupee is 82 compared to the US dollar, whereas before the value was almost equal to the Phil. pesos That's what Sandro meant, the US dollar is really strong. Othere just don't understand it or they are faking stupidity, just to be destructive.",Text,2022-10-12T08:36:00.000Z,"Rational, Emotional",4,-0.12,0,-0.13,0,-0.18,0,-0.11,None
93,"peso, dollar, sandro",Identified,2020-05-31T16:00:00.000Z,310,-0.42,272,-0.16,Unidentified,"Cong. Sandro's comment about Peso VS Dollar made sense- but seems a lot of people did not get it. Either that, or they didn't listen to the explanation and just read the ""headline"".","Cong. Sandro's comment about Peso VS Dollar made sense- but seems a lot of people did not get it. Either that, or they didn't listen to the explanation and just read the ""headline"".",Text,2022-10-12T04:54:00.000Z,Rational,1,-0.14,0,-0.13,0,-0.18,0,-0.11,None
94,"peso, dollar, sandro",Identified,2012-11-30T16:00:00.000Z,301,-0.44,491,-0.16,Philippines,"i don't like marcoses but what sandro said abt peso and dollar is true, kaya di ko magets yung reactions ğŸ˜…","i don't like marcoses but what sandro said about peso and dollar is true, that's why I don't get the reactions ğŸ˜…",Text,2022-10-12T03:42:00.000Z,Emotional,0,-0.14,0,-0.13,0,-0.18,0,-0.11,None
95,"peso, dollar, sandro",Identified,2022-05-31T16:00:00.000Z,159,-0.65,101,-0.16,Unidentified,"Para sa mga lutang na walang humpay mag kritiko!

Yung iba kasi mga lutang di nila naintindihan sinasabi ni Sandro haist kaming mga ofw naintindihan nmin ibig sabihin nun 
Hindi talaga mahina ang peso
Mahina ang peso dahil nag taas ng halaga ng interest ang dollar!
Gets??? https://t.co/tjGJaL5ZUF","For those who are high and do not stop criticizing!

Other people who are high can't understand what Sandro is saying haist us ofw we understand the meaning of it
The peso is really not weak
The peso is just weak because the dollar's interest has increased!
Gets??? https://t.co/tjGJaL5ZUF","Text,Image",2022-10-12T03:13:00.000Z,Emotional,1,-0.14,0,-0.13,0,-0.18,0,-0.11,None
96,"peso, weak, dollar, strong",Anonymous,2018-07-31T16:00:00.000Z,479,-0.17,215,-0.16,Unidentified,the peso ğŸ…¿ï¸ is weak ğŸ˜ª because ğŸ¤¨ the dollar ğŸ’² is strong ğŸ’ª,the peso ğŸ…¿ï¸ is weak ğŸ˜ª because ğŸ¤¨ the dollar ğŸ’² is strong ğŸ’ª,Text,2022-12-10T02:25:00.000Z,Emotional,1,-0.14,0,-0.13,0,-0.18,0,-0.11,None
97,"peso, weak, dollar, strong",Anonymous,2021-07-31T16:00:00.000Z,61,-0.80,114,-0.16,Philippines,"Sandro: The peso is weak because the dollar is strong.

Economists &amp; Entrepreneurs: He's right.

Meanwhile..

Mga proud professors, Lawyers, PhD, MD:
*ginawan ng meme at joke yung sinabi ni sandro imbis i-analyze*

Ganito na ba mga ""professional"" ngayon? https://t.co/NJ4RwuXTfd","Sandro: The peso is weak because the dollar is strong.

Economists & Entrepreneurs: He's right.

Meanwhile..

Proud professors, Lawyers, PhD, MD:
*made meme and joke about what sandro said instead of analyzing*

Is this who ""professionals"" are today? https://t.co/NJ4RwuXTfd","Text,Image",2022-12-10T02:16:00.000Z,Rational,0,-0.14,1,-0.11,0,-0.18,0,-0.11,None
98,"peso, weak, dollar, strong",Media,2013-03-31T16:00:00.000Z,62,-0.79,2921,-0.15,Philippines,"Memes satirize Sandro Marcos saying â€˜peso is weak because dollar is strongâ€™, but was he wrong? https://t.co/fllGXzmsiL https://t.co/IVFOxNw5KR","Memes satirize Sandro Marcos saying â€˜peso is weak because dollar is strongâ€™, but was he wrong? https://t.co/fllGXzmsiL https://t.co/IVFOxNw5KR","Text,URL",2022-12-10T02:01:00.000Z,Transactional,0,-0.14,0,-0.13,0,-0.18,0,-0.11,None
99,"peso, weak, dollar, strong",Anonymous,2016-08-31T16:00:00.000Z,2493,2.83,1725,-0.16,Unidentified,The peso is not weak because the peso is weak the peso is weak because the dollar is strong,The peso is not weak because the peso is weak the peso is weak because the dollar is strong,"Text,Quote",2022-12-10T01:49:00.000Z,Rational,0,-0.14,0,-0.13,0,-0.18,0,-0.11,https://twitter.com/taksped/status/1580133241130201088
100,"peso, weak, dollar, strong",Anonymous,2018-01-31T16:00:00.000Z,1714,1.67,13645,-0.13,Philippines,The peso is weak because the dollar is strong https://t.co/ZLG8wSSkKE,The peso is weak because the dollar is strong https://t.co/ZLG8wSSkKE,"Text,Image",2022-12-09T23:09:00.000Z,Rational,46,0.14,2,-0.09,7,0.23,0,-0.11,None
101,"peso, weak, dollar, strong",Anonymous,2014-03-31T16:00:00.000Z,836,0.36,507,-0.16,Philippines,"Malinaw naman pagkaka explain Doon ni Sandro pero Ewan ko ba bakit parang nka stick Lang sila dun sa peso is weak, not because pesos is weak
Pesos is weak because usd is strong.. Bat nga ba hirap sila unawain na malakas ang dollar kontra sa lahat NG currency sa buong mundo ğŸ¤“","Sandro explained it really well but I don't know why they are stuck in peso is weal, not because pesos is weak
Peso is weak because usd is strong.. Why is it so hard to understand that the dollar is very strong against every other currency in the world ğŸ¤“","Text,Quote",2022-12-10T13:57:00.000Z,Emotional,0,-0.14,0,-0.13,0,-0.18,0,-0.11,https://twitter.com/jmy_perez/status/1579905723680817152
102,"peso, weak, dollar, strong",Anonymous,2019-07-31T16:00:00.000Z,180,-0.62,111,-0.16,Philippines,"Trend ngayon yung pagsabi ni Sandro ng 'The peso is weak because the dollar is strong', unang panood ko dun, nagets ko kasi pinanood ko yung explanation nya. Hindi naman ako ekonomista, pero yung points nya nagmemake sense naman, lah, paulit-ulit den naman sinasabi nya dba?","Sandro saying 'The peso is weak because the dollar is strong' is trending right now, when i first watched it, i understood it because i watched his explanation. I am not an economist, but his points make sense, lah, he keeps on repeating what he said right?",Text,2022-12-10T13:56:00.000Z,Rational,0,-0.14,1,-0.11,0,-0.18,0,-0.11,None
103,"peso, weak, dollar, strong",Anonymous,2020-03-31T16:00:00.000Z,116,-0.71,4982,-0.15,Unidentified,People bashing Sandro Marcos for saying that peso is not really weak dollar is strong are people who lack comprehension or education on economics. Villarâ€™s statement is an explanation for the dimwits. https://t.co/k46usK07G7,People bashing Sandro Marcos for saying that peso is not really weak dollar is strong are people who lack comprehension or education on economics. Villarâ€™s statement is an explanation for the dimwits. https://t.co/k46usK07G8,"Text,Image",2022-12-10T04:25:00.000Z,Rational,45,0.13,6,0.00,9,0.35,3,-0.07,None
104,"peso, weak, dollar, strong",Anonymous,2022-05-31T16:00:00.000Z,302,-0.44,1691,-0.16,Philippines,"There is nothing wrong sa â€œpesos-is-weak-the-dollar-is-strongâ€ statement ni Congressman Sandro, ang mas cringe and downright embarrasing is yung paggamit ni LENLEN ng #unselfless with conviction. ğŸ¤¦â€â™‚

Go to FB post 
ğŸ‘‰ https://t.co/tULkzkzFrm","There is nothing wrong with the â€œpesos-is-weak-the-dollar-is-strongâ€ statement of Congressman Sandro, what cringier and more downright embarrasing is how LENLEN used #unselfless with conviction. ğŸ¤¦â€â™‚

Go to FB post 
ğŸ‘‰ https://t.co/tULkzkzFrm","Text,URL",2022-12-10T02:28:00.000Z,"Rational,Emotional",0,-0.14,0,-0.13,0,-0.18,0,-0.11,None
105,"peso, weak, dollar, strong",Anonymous,2008-09-30T16:00:00.000Z,389,-0.31,1917,-0.16,Unidentified,"The Peso (â‚±) is weak not because it is weak. The Peso is weak because the Dollar ($) is strong.

@sandromarcos7 is right - just look at how Philippine Peso fare well with other currencies.

Don't be like Kakampwets â€” 'unselfless' lang kase naiintindihan nila. https://t.co/px5qZHFDdv","The Peso (â‚±) is weak not because it is weak. The Peso is weak because the Dollar ($) is strong.

@sandromarcos7 is right - just look at how Philippine Peso fare well with other currencies.

Don't be like Kakampwets â€” the only thing they understand 'unselfless'. https://t.co/px5qZHFDdv","Text,Image",2022-12-10T01:57:00.000Z,Rational,16,-0.04,2,-0.09,10,0.40,0,-0.11,None
106,"peso, weak, dollar, strong",Anonymous,2020-07-31T16:00:00.000Z,1934,2.00,739,-0.16,Unidentified,A peso is not weak because the peso is weak. A peso is weak because the dollar is strong.,A peso is not weak because the peso is weak. A peso is weak because the dollar is strong.,"Text,Quote",2022-12-10T01:54:00.000Z,Rational,1,-0.14,0,-0.13,0,-0.18,0,-0.11,https://twitter.com/lancedevanadera/status/1579825802350571522
107,"peso, weak, dollar, strong",Anonymous,2021-09-30T16:00:00.000Z,1057,0.69,730,-0.16,Unidentified,"The peso is not weak, because the peso is weak. The peso is weak because the dollar is strong.","The peso is not weak, because the peso is weak. The peso is weak because the dollar is strong.",Text,2022-12-10T01:17:00.000Z,Rational,20,-0.02,0,-0.13,0,-0.18,0,-0.11,None
108,"peso, weak, dollar, strong",Identified,2014-03-31T16:00:00.000Z,335,-0.39,28,-0.16,Unidentified,The Peso is not weak because the Peso is weak. The Peso is weak because the Dollar is strong. Gets naman sya kay sa don sa isa na pauso ng word na UNSELFLESS like WTF.,The Peso is not weak because the Peso is weak. The Peso is weak because the Dollar is strong. I get it more than the other one who came up with the word UNSELFLESS like WTF.,Text,2022-12-10T01:13:00.000Z,Rational,0,-0.14,0,-0.13,0,-0.18,0,-0.11,None
109,"peso, weak, dollar, strong",Identified,2006-09-30T16:00:00.000Z,202,-0.59,333,-0.16,International,"Forex101 para sa mga bida:
Pag mataas ang dollar (since itâ€™s a safe haven for investors), high yield currencies such as aud, eur, cad, gbp, etc will be low. In short, the peso is not weak bec the peso is weak. The peso is weak bec the dollar is strong ğŸ¤ª https://t.co/MHYgByESiS","Forex101 for show-offs:
If the dollar is high (since itâ€™s a safe haven for investors), high yield currencies such as aud, eur, cad, gbp, etc will be low. In short, the peso is not weak because the peso is weak. The peso is weak because the dollar is strong ğŸ¤ª https://t.co/MHYgByESiS","Text,Image",2022-12-10T01:10:00.000Z,Emotional,4,-0.12,0,-0.13,0,-0.18,0,-0.11,None
110,"peso, weak, dollar, strong",Anonymous,2008-10-31T16:00:00.000Z,8,-0.88,2,-0.16,Unidentified,Sandro Marcos says peso is weak not because itâ€™s weak: Dollar is just strong now https://t.co/cFPzaZSJRb,Sandro Marcos says peso is weak not because itâ€™s weak: Dollar is just strong now https://t.co/cFPzaZSJRb,"Text,URL",2022-12-10T00:32:00.000Z,Rational,0,-0.14,0,-0.13,0,-0.18,0,-0.11,None
111,"peso, weak, dollar, strong",Identified,2020-11-30T16:00:00.000Z,927,0.50,857,-0.16,International,"Ano kaya mali sa sinabi ni Sandro na â€˜The peso is not weak because the peso is weak. The peso is weak because the dollar is strong.â€ Eh may explanation naman si Sandro, hetong mga kakampoque na mga to, ayaw sa spliced pero ayaw rin manuod or magbasa ng buo. Tatanga nyo.","I wonder what's wrong with Sandro saying â€˜The peso is not weak because the peso is weak. The peso is weak because the dollar is strong.â€ Sandro actually has an explanation, but then these kakampoque don't want the spliced but they also don't want to watch or read the full explanation. You all are stupid.",Text,2022-12-10T00:18:00.000Z,Emotional,1,-0.14,0,-0.13,0,-0.18,0,-0.11,None
112,"peso, weak, dollar, strong",Anonymous,2020-07-31T16:00:00.000Z,1046,0.67,1245,-0.16,Philippines,"Funny how critics laugh about what sir Cong. Sandro said, see he's just saying that our money(the peso) is not weak 'coz it's weak, it's just that dollar became strong bec. the US dictates it, but come to think of it, Dollar is a ""Fiat Money"" why? Bec. They don't have gold ğŸ‘‡ğŸ» https://t.co/TSH4RXtZfy","Funny how critics laugh about what sir Cong. Sandro said, see he's just saying that our money(the peso) is not weak because it's weak, it's just that dollar became strong because the US dictates it, but come to think of it, Dollar is a ""Fiat Money"" why? Because They don't have gold ğŸ‘‡ğŸ» https://t.co/TSH4RXtZfy","Text,Image",2022-12-10T00:07:00.000Z,Rational,7,-0.10,2,-0.09,0,-0.18,1,-0.10,None
113,"peso, weak, dollar, strong",Anonymous,2017-08-31T16:00:00.000Z,92,-0.75,516,-0.16,Unidentified,the peso is not weak because the peso is weak the peso is weak because the dollar is strong,the peso is not weak because the peso is weak the peso is weak because the dollar is strong,Text,2022-12-09T23:44:00.000Z,Rational,1,-0.14,0,-0.13,0,-0.18,0,-0.11,None
114,"peso, dollar, sandro",Anonymous,2006-09-30T16:00:00.000Z,250,-0.51,270,-0.16,Unidentified,Mga wa kasabot nalibog kay Sandro. But heâ€™s right. The Ph Peso is weak because the US dollar is strong.,The stupid ones are puzzled by Sandro. But he's right. The Ph Peso is weak because the US dollar is strong.,Text,2022-12-09T22:57:00.000Z,Rational,1,-0.14,0,-0.13,0,-0.18,0,-0.11,None
115,"peso, dollar, sandro",Anonymous,2016-05-31T16:00:00.000Z,3408,4.20,17723,-0.13,Unidentified,"Sandro Marcos says peso is weak not because itâ€™s weak: Dollar is just strong now https://t.co/uh0XfGs8iv

Sandro is not weak because his dad is weak.","Sandro Marcos says peso is weak not because itâ€™s weak: Dollar is just strong now https://t.co/uh0XfGs8iv

Sandro is not weak because his dad is weak.","Text,URL",2022-12-09T22:04:00.000Z,Rational,28,0.03,9,0.06,3,0.00,1,-0.10,None
116,"peso, dollar, sandro",Anonymous,2015-04-30T16:00:00.000Z,1138,0.81,538,-0.16,Unidentified,"Sandro makes sense, kinda, peso is actually weak but to an extent since the dollar is getting strong due to the Federal Reserve Policy.

So yes peso is weak daw but not that weak is what he is saying.","Sandro makes sense, kinda, peso is actually weak but to an extent since the dollar is getting strong due to the Federal Reserve Policy.

So yes peso is weak daw but not that weak is what he is saying.",Text,2022-12-09T20:28:00.000Z,Rational,3,-0.12,1,-0.11,0,-0.18,0,-0.11,None
117,"peso, weak, dollar, strong",Anonymous,2014-03-31T16:00:00.000Z,442,-0.23,268,-0.16,Unidentified,"The peso is not weak because the peso is weak, the peso is weak because the dollar is strong and I am strong when I am on your shoulder, you raise me up to more than I can be.","The peso is not weak because the peso is weak, the peso is weak because the dollar is strong and I am strong when I am on your shoulder, you raise me up to more than I can be.",Text,2022-12-09T20:13:00.000Z,Emotional,10,-0.08,0,-0.13,1,-0.12,2,-0.09,None
118,"peso, weak, dollar, strong",Anonymous,2020-08-31T16:00:00.000Z,123,-0.70,143,-0.16,Unidentified,THE PESO IS WEAK BECAUSE THE DOLLAR IS STRONG &gt;&gt;&gt; PEOPLE DIE IF THEY ARE KILLED,THE PESO IS WEAK BECAUSE THE DOLLAR IS STRONG &gt;&gt;&gt; PEOPLE DIE IF THEY ARE KILLED,Text,2022-12-09T18:55:00.000Z,Emotional,0,-0.14,0,-0.13,0,-0.18,0,-0.11,None
119,"peso, weak, dollar, strong",Anonymous,2011-09-30T16:00:00.000Z,432,-0.24,443,-0.16,Unidentified,I would like to make one thing clear. The peso is weak because the dollar is strong! Tapos makikita mo presidente nagliliwaliw sa Singapore kasama ng anak nya at mga barkada nito. Mag trabaho ka naman! Wag puro pasarap!,I would like to make one thing clear. The peso is weak because the dollar is strong! And then you will see the president enjoying in Singapore with his children and friends. Go to work! Don't just enjoy yourself!,Text,2022-12-09T18:25:00.000Z,Emotional,75,0.31,0,-0.13,21,1.04,0,-0.11,None
120,"peso, weak, dollar, strong",Anonymous,2021-08-31T16:00:00.000Z,1605,1.51,1043,-0.16,Unidentified,Ito po ang resulta ng wala ka ng mabibilhan na makakapagbigay ng saya katulad ng Jabee kaso nagmahal na siya kasi nga The peso â‚±â‚± is not weak ğŸ™…â€â™€ï¸ğŸ˜© because the peso â‚±â‚± is weakğŸ˜ª. The peso â‚±â‚± is weak ğŸ¥±ğŸ˜« because the dollar ğŸ’µğŸ¤‘ is strong ğŸ’ªğŸ’ª.,This is the result of having nowhere to buy that will give you the happiness that Jabee gives you because it got expensive since The peso â‚±â‚± is not weak ğŸ™…â€â™€ï¸ğŸ˜© because the peso â‚±â‚± is weakğŸ˜ª. The peso â‚±â‚± is weak ğŸ¥±ğŸ˜« because the dollar ğŸ’µğŸ¤‘ is strong ğŸ’ªğŸ’ª.,"Text,Quote",2022-12-09T18:04:00.000Z,Emotional,0,-0.14,0,-0.13,0,-0.18,0,-0.11,https://twitter.com/AltStarMagic/status/1579736320091774976
121,"peso, weak, dollar, strong",Anonymous,2020-09-30T16:00:00.000Z,989,0.59,2756,-0.15,Unidentified,The peso is not weak because the peso is weak. The peso is weak because the dollar is strong. https://t.co/2kOkDiU0AQ,The peso is not weak because the peso is weak. The peso is weak because the dollar is strong. https://t.co/2kOkDiU0AQ,"Text,Image",2022-12-09T17:47:00.000Z,"Rational,Emotional",1,-0.14,0,-0.13,0,-0.18,0,-0.11,None
122,"peso, dollar, sandro",Media,2022-08-31T16:00:00.000Z,76,-0.77,101,-0.16,Unidentified,1st District Representative of Ilocos Norte Sandro Marcos spoke out about the peso dollar rate. 'Peso is not weak because peso is weak'. 'The Peso is weak because the dollar is strong'. https://t.co/jeXk9EVxm8,1st District Representative of Ilocos Norte Sandro Marcos spoke out about the peso dollar rate. 'Peso is not weak because peso is weak'. 'The Peso is weak because the dollar is strong'. https://t.co/jeXk9EVxm9,"Text,Video",2022-12-09T17:33:00.000Z,Rational,36,0.08,3,-0.07,15,0.69,7,-0.03,None
123,"peso, weak, dollar, strong",Anonymous,2020-06-30T16:00:00.000Z,124,-0.70,17,-0.16,Unidentified,the peso is the weak. the dollar is the strong. ğŸ˜,the peso is the weak. the dollar is the strong. ğŸ˜,Text,2022-12-09T17:04:00.000Z,"Rational,Emotional",0,-0.14,0,-0.13,0,-0.18,0,-0.11,None
124,"peso, weak, dollar, strong",Media,2007-08-31T16:00:00.000Z,1810,1.81,3731332,6.92,Philippines,"#ICYMI: ""The peso is not weak, because the peso is weak. The peso is weak because the dollar is strong,"" Marcos said. https://t.co/yx8Dhz4kbx","#ICYMI: ""The peso is not weak, because the peso is weak. The peso is weak because the dollar is strong,"" Marcos said. https://t.co/yx8Dhz4kbx","Text,URL",2022-12-09T17:00:00.000Z,Rational,64,0.25,62,1.19,13,0.58,22,0.14,None
125,"peso, dollar, sandro",Identified,2004-09-30T16:00:00.000Z,765,0.25,2582,-0.15,Philippines,"BBM: We have no territorial conflict with China. What we have is China claiming territory that belongs to the Philippines.

Sandro: The peso is not weak because the peso is weak. The peso is weak because the dollar is strong.

Imee: Never seen GOLD!

Imelda: We have 7000 tons!","BBM: We have no territorial conflict with China. What we have is China claiming territory that belongs to the Philippines.

Sandro: The peso is not weak because the peso is weak. The peso is weak because the dollar is strong.

Imee: Never seen GOLD!

Imelda: We have 7000 tons!",Text,2022-12-09T16:53:00.000Z,Emotional,11,-0.08,0,-0.13,0,-0.18,0,-0.11,None
126,"peso, weak, dollar, strong",Anonymous,2022-04-30T16:00:00.000Z,586,-0.01,609,-0.16,Unidentified,the peso is not weak because the peso is weak the peso is weak because the dollar is strong,the peso is not weak because the peso is weak the peso is weak because the dollar is strong,Text,2022-12-09T16:21:00.000Z,Rational,0,-0.14,1,-0.11,0,-0.18,0,-0.11,None
127,"peso, weak, dollar, strong",Anonymous,2018-09-30T16:00:00.000Z,34,-0.84,57,-0.16,Unidentified,"peso not weak, dollar is strong ğŸ«¶ğŸ»ğŸ«¶ğŸ»ğŸ«¶ğŸ»","peso not weak, dollar is strong ğŸ«¶ğŸ»ğŸ«¶ğŸ»ğŸ«¶ğŸ»",Text,2022-12-09T16:06:00.000Z,"Rational,Emotional",1,-0.14,0,-0.13,0,-0.18,0,-0.11,None
128,"peso, weak, dollar, strong",Anonymous,2021-04-30T16:00:00.000Z,1753,1.73,45,-0.16,Unidentified,"""The peso is not weak because the peso is weak. The peso is weak because the dollar is strong."" https://t.co/1nF6PhgCXw","""The peso is not weak because the peso is weak. The peso is weak because the dollar is strong."" https://t.co/1nF6PhgCXw","Text,Image",2022-11-10T15:59:00.000Z,"Rational,Emotional",1,-0.14,1,-0.11,0,-0.18,0,-0.11,None
129,"peso, weak, dollar, strong",Anonymous,2018-01-31T16:00:00.000Z,329,-0.40,329,-0.16,Philippines,"not gonna lie tho.. if you read the whole article, may point ata si s4ndro sa ""peso is weak because the dollar is strong"" statement niya","not gonna lie tho.. if you read the whole article, sandro has a point in his statement about ""peso is weak because the dollar is strong""",Text,2022-11-10T15:46:00.000Z,Rational,4,-0.12,1,-0.11,0,-0.18,0,-0.11,None
130,"peso, dollar, sandro",Identified,2005-11-30T16:00:00.000Z,570,-0.04,6950,-0.15,Philippines,"""The peso is weak because the dollar is strong"" statement ni Sandro that the eedyots picked up without listening to the whole beat is a sign of their unending idiocy.  Wag nyo igaya kay @lenirobredo si Sandro. Her LUGAW BRAIN is phenomenal.","""The peso is weak because the dollar is strong"" statement of Sandro that the idiots picked up without listening to the whole beat is a sign of their unending idiocy.  Don't turn Sandro into @lenirobredo. Her LUGAW BRAIN is phenomenal.",Text,2022-11-10T15:18:00.000Z,Emotional,6,-0.11,0,-0.13,1,-0.12,0,-0.11,None
131,"peso, dollar, sandro",Media,2004-10-31T16:00:00.000Z,2132,2.29,707683,1.18,Philippines,"""THE PESO IS WEAK BECAUSE THE DOLLAR IS STRONG.""

Sa isang press briefing, ipinaliwanag ni Ilocos Norte 1st District Rep. Sandro Marcos kung bakit patuloy ang pagsadsad ng halaga ng piso kontra dolyar. #News5 

WATCH: https://t.co/ubysWYBNEl https://t.co/3jBjGPKVbj","""THE PESO IS WEAK BECAUSE THE DOLLAR IS STRONG.""

In a press briefing, Ilocos Norte 1st District Rep explained. Sandro Marcos why the value of the peso continues to fall down against the dollar. #News5

WATCH: https://t.co/ubysWYBNEl https://t.co/3jBjGPKVbj","Text,URL",2022-11-10T15:06:00.000Z,Rational,7,-0.10,6,0.00,0,-0.18,3,-0.07,None
132,"peso, weak, dollar, strong",Identified,2005-09-30T16:00:00.000Z,584,-0.02,4060,-0.15,Philippines,"So today we were told that the rising prices are okay, and are in fact necessary, and the peso is not weak, it's just that the dollar is strong. It's a good day.","So today we were told that the rising prices are okay, and are in fact necessary, and the peso is not weak, it's just that the dollar is strong. It's a good day.",Text,2022-11-10T14:38:00.000Z,Rational,4,-0.12,0,-0.13,1,-0.12,0,-0.11,None
133,"peso, weak, dollar, strong",Identified,2006-09-30T16:00:00.000Z,767,0.26,253,-0.16,Philippines,TLDR: weak peso is caused by strong US dollar. Yan lang dapat. ğŸ˜…,TLDR: weak peso is caused by strong US dollar. It should only be that. ğŸ˜…,"Text,Quote",2022-11-10T14:33:00.000Z,Rational,0,-0.14,0,-0.13,0,-0.18,0,-0.11,https://twitter.com/inquirerdotnet/status/1579829265058918401
134,"peso, weak, dollar, strong",Anonymous,2010-11-30T16:00:00.000Z,1596,1.49,647,-0.16,Philippines,"Sandro's statement that ""THE PESO IS WEAK BECAUSE THE DOLLAR IS STRONG"" is clickbait on media's end

tbf, he explains and seems to understand the currency situation fairly well

he's already probably smarter and makes more sense than his dad lmao","Sandro's statement that ""THE PESO IS WEAK BECAUSE THE DOLLAR IS STRONG"" is clickbait on media's end

tbf, he explains and seems to understand the currency situation fairly well

he's already probably smarter and makes more sense than his dad lmao",Text,2022-11-10T14:26:00.000Z,Rational,8,-0.09,3,-0.07,0,-0.18,0,-0.11,None
135,"peso, dollar, sandro",Media,2006-09-30T16:00:00.000Z,669,0.11,372059,0.55,Philippines,"THE PESO IS NOT WEAK BECAUSE THE PESO IS WEAK.'

Ilocos Norte 1st District Rep. Sandro Marcos claimed that the Philippine peso is currently in a downfall because the US dollar is just so strong now. | https://t.co/X1mtCxpmDT

READ: https://t.co/Rf6iwIojtF https://t.co/Y811uAZoxT","THE PESO IS NOT WEAK BECAUSE THE PESO IS WEAK.'

Ilocos Norte 1st District Rep. Sandro Marcos claimed that the Philippine peso is currently in a downfall because the US dollar is just so strong now. | https://t.co/X1mtCxpmDT

READ: https://t.co/Rf6iwIojtF https://t.co/Y811uAZoxT","Text,Image,URL",2022-11-10T14:14:00.000Z,Rational,5,-0.11,3,-0.07,1,-0.12,6,-0.04,None
136,"peso, dollar, sandro",Media,2007-08-31T16:00:00.000Z,1810,1.81,3731332,6.92,Philippines,"THE PESO IS NOT WEAK BECAUSE THE PESO IS WEAK.'

Ilocos Norte 1st District Rep. Sandro Marcos claimed that the Philippine peso is currently in a downfall because the US dollar is just so strong now.

READ: https://t.co/zh9syUeI1L https://t.co/7GCWE4grgZ","THE PESO IS NOT WEAK BECAUSE THE PESO IS WEAK.'

Ilocos Norte 1st District Rep. Sandro Marcos claimed that the Philippine peso is currently in a downfall because the US dollar is just so strong now.

READ: https://t.co/zh9syUeI1L https://t.co/7GCWE4grgZ","Text,Image,URL",2022-11-10T13:40:00.000Z,Rational,415,2.39,205,4.22,46,2.49,344,3.84,None
137,"peso, dollar, sandro",Anonymous,2015-07-31T16:00:00.000Z,734,0.21,1003,-0.16,Unidentified,the peso is weak bc the dollar is strong ğŸ¤©ğŸ˜–ğŸ¥ºğŸ˜£ğŸ™ - boss lodi sandro marcos ğŸ¥°ğŸ˜´â¤ï¸ğŸ˜,the peso is weak bc the dollar is strong ğŸ¤©ğŸ˜–ğŸ¥ºğŸ˜£ğŸ™ - boss idol sandro marcos ğŸ¥°ğŸ˜´â¤ï¸ğŸ˜,Text,2022-11-10T13:17:00.000Z,"Rational,Emotional",5,-0.11,2,-0.09,0,-0.18,0,-0.11,https://twitter.com/lakwatsarah/status/1579753618265497601
138,"peso, dollar, sandro",Media,2007-08-31T16:00:00.000Z,1810,1.81,3731332,6.92,Philippines,"Marcos: â€œThe peso is not weak, because the peso is weak. The peso is weak because the dollar is strong.â€ | @GabrielLaluINQ https://t.co/uO58jXalZF","Marcos: â€œThe peso is not weak, because the peso is weak. The peso is weak because the dollar is strong.â€ | @GabrielLaluINQ https://t.co/uO58jXalZF","Text,Image,URL",2022-11-10T12:46:00.000Z,Rational,1960,11.81,538,11.30,198,11.30,1013,11.51,None
139,"peso, weak, dollar, strong",Anonymous,2006-09-30T16:00:00.000Z,2164,2.34,2203,-0.16,International,"RP economy is stable and strong, bcoz of these the peso has not weakened. The peso is seemingly weaker bcoz  exchange rate with the dollar is higher, but its due to the STRENGTH  o d US DOLLAR &amp; its HIGH INTEREST rate, NOT  BCOZ  RP ECONOMY IS WEAK causing d fall of d peso.","RP economy is stable and strong, because of these the peso has not weakened. The peso is seemingly weaker because  exchange rate with the dollar is higher, but its due to the STRENGTH  o d US DOLLAR & its HIGH INTEREST rate, NOT  BECAUSE  RP ECONOMY IS WEAK causing the fall of the peso.",Text,2022-11-10T12:36:00.000Z,Rational,0,-0.14,0,-0.13,0,-0.18,0,-0.11,None
140,"peso, weak, dollar, strong",Anonymous,2020-10-31T16:00:00.000Z,160,-0.65,178,-0.16,Unidentified,"As much as I don't like this guy, what he's saying is true. The peso is weak because the dollar is strong. US is hiking its interest rates to defeat inflation. USD strengthens because it has become high-yielding, other currencies sink (Not just PHP, also EUR, JPY, etc.)","As much as I don't like this guy, what he's saying is true. The peso is weak because the dollar is strong. US is hiking its interest rates to defeat inflation. USD strengthens because it has become high-yielding, other currencies sink (Not just PHP, also EUR, JPY, etc.)","Text,Quote",2022-11-10T12:36:00.000Z,Rational,8,-0.09,0,-0.13,1,-0.12,0,-0.11,https://twitter.com/iMPACTPH2019/status/1579754408333967361
141,"peso, weak, dollar, strong",Anonymous,2013-08-31T16:00:00.000Z,89,-0.75,129,-0.16,Unidentified,"Okay Sandro let's get to the bottom of this. Granted that the peso is weak, not because it's weak but because the dollar is strong. The question still remains: What is the current administration doing to atleast alleviate it's impact on the poor masses?","Okay Sandro let's get to the bottom of this. Granted that the peso is weak, not because it's weak but because the dollar is strong. The question still remains: What is the current administration doing to atleast alleviate it's impact on the poor masses?",Text,2022-11-10T12:03:00.000Z,Transactional,1,-0.14,0,-0.13,0,-0.18,0,-0.11,None
142,"peso, weak, dollar, strong",Anonymous,2021-11-30T16:00:00.000Z,360,-0.35,379,-0.16,Unidentified,because i would like to make one thing clearâ€¦ the peso is not weak because the peso is weak. the peso is weak because the dollar is strong.,because i would like to make one thing clearâ€¦ the peso is not weak because the peso is weak. the peso is weak because the dollar is strong.,"Text,Quote",2022-11-10T11:31:00.000Z,Rational,1,-0.14,0,-0.13,0,-0.18,0,-0.11,https://twitter.com/maobabie/status/1579562895285055489
143,"peso, weak, dollar, strong",Anonymous,2007-09-30T16:00:00.000Z,1163,0.85,407,-0.16,Philippines,Peso (our own currency) is getting weak because the dollar is getting strong as it is a safety net for many other currencies. He has a point and I don't blame him. He actually makes sense. Some people convert their currencies to dollar. The global market is trading in dollar.,Peso (our own currency) is getting weak because the dollar is getting strong as it is a safety net for many other currencies. He has a point and I don't blame him. He actually makes sense. Some people convert their currencies to dollar. The global market is trading in dollar.,"Text,Quote",2022-11-10T11:16:00.000Z,Rational,1,-0.14,1,-0.11,1,-0.12,0,-0.11,https://twitter.com/iMPACTPH2019/status/1579754408333967361
144,"peso, weak, dollar, strong",Anonymous,2020-02-29T16:00:00.000Z,122,-0.71,65,-0.16,Philippines,"â€œI would like to make one thing clear... the peso is not weak because the peso is weak. The peso is weak because the dollar is strong.â€

Yes","â€œI would like to make one thing clear... the peso is not weak because the peso is weak. The peso is weak because the dollar is strong.â€

Yes",Text,2022-11-10T10:57:00.000Z,Rational,0,-0.14,0,-0.13,0,-0.18,0,-0.11,None
145,"peso, weak, dollar, strong",Identified,2006-09-30T16:00:00.000Z,357,-0.35,105,-0.16,Philippines,"""I would like to make one thing clear... The dollar is not strong because the dollar is strong. The dollar is strong because the peso is weak."" https://t.co/VHgrgSt56f","""I would like to make one thing clear... The dollar is not strong because the dollar is strong. The dollar is strong because the peso is weak."" https://t.co/VHgrgSt56f","Text,Image",2022-11-10T09:29:00.000Z,Rational,0,-0.14,0,-0.13,0,-0.18,0,-0.11,None
146,"peso, weak, dollar, strong",Anonymous,2011-10-31T16:00:00.000Z,1625,1.54,16970,-0.13,Philippines,"As the peso becomes weaker not because it is weak but because the dollar is strong, government has done the following:

âœ…ï¸ 20% increase in import volume YoY as of Septmber 2022
âœ…ï¸ borrowed $2 billion in dollar bonds in October 2022","As the peso becomes weaker not because it is weak but because the dollar is strong, government has done the following:

âœ…ï¸ 20% increase in import volume YoY as of Septmber 2022
âœ…ï¸ borrowed $2 billion in dollar bonds in October 2022","Text,Quote",2022-11-10T08:52:00.000Z,Rational,42,0.11,2,-0.09,7,0.23,0,-0.11,https://twitter.com/markyscrackling/status/1579754384715812864
147,"peso, dollar, sandro",Anonymous,2014-01-31T16:00:00.000Z,326,-0.40,213,-0.16,Unidentified,"It's funny how ppl do hate Sandro bcos he explained why the peso is weak against the US dollar. Kung trader ka at matalino ka maka Leni ka man or BBM, you'll get his point. Simple microeconomics and macroeconomics lang, magegets mo yung explanation ni Sandro.","It's funny how ppl do hate Sandro bcos he explained why the peso is weak against the US dollar. If you are a trader and intelligent even if you side with Leni or BBM, you'll get his point. With just simple microeconomics and macroeconomics, you'll get the explanation of Sandro.",Text,2022-10-15T23:43:00.000Z,Rational,1,-0.14,1,-0.11,0,-0.18,0,-0.11,None
148,"peso, dollar, sandro",Anonymous,2020-09-30T16:00:00.000Z,706,0.17,1949,-0.16,Unidentified,"regarding sandro's statement that ""the peso is not weak, the dollar is strong.""

at it's surface, it may appear a tautology, but there is some level of truth to it. +

https://t.co/mIEqNZqx26","regarding sandro's statement that ""the peso is not weak, the dollar is strong.""

at it's surface, it may appear a tautology, but there is some level of truth to it. +

https://t.co/mIEqNZqx26","Text,URL",2022-10-15T03:56:00.000Z,Rational,1,-0.14,1,-0.11,0,-0.18,0,-0.11,None
149,"peso, dollar, sandro",Anonymous,2015-12-31T16:00:00.000Z,24,-0.85,24,-0.16,Unidentified,"tbf tama naman talaga â€˜yung statement ni sandro re: dollar and peso relationship. ang mali lang, walang action plan. nugagawen namin sa explanation mo",tbf sandro's statement re: dollar and peso relationship is true. what's wrong is there's not action plan. what are we gonna do with your explanation.,Text,2022-10-14T07:57:00.000Z,"Rational,Emotional",2,-0.13,1,-0.11,0,-0.18,0,-0.11,None
150,"peso, dollar, sandro",Identified,2019-08-31T16:00:00.000Z,643,0.07,296,-0.16,Philippines,"Sandro Marcos is actually correct. Because of the US Federal Reserveâ€™s tightening monetary policy, the peso including all other currencies are devaluing compared to the dollar. https://t.co/CH2fzL5z4M","Sandro Marcos is actually correct. Because of the US Federal Reserveâ€™s tightening monetary policy, the peso including all other currencies are devaluing compared to the dollar. https://t.co/CH2fzL5z4M","Text,Image",2022-12-10T02:56:00.000Z,Rational,2,-0.13,1,-0.11,0,-0.18,0,-0.11,None