ID,keywords,acountType,joinedDate,following,z-following,followers,z-followers,location,tweet,tweetType,datePosted,contentType,likes,z-likes,replies,z-replies,retweets,z-retweets,quoteTweets,z-qoute,quotedTweet
1,"peso, weak, dollar, strong",Identified,04/10,360,-0.35,558,-0.16,Philippines,"600 per kilo? Edi wag bumili ng 1 kilo.
Solution para wag matraffic? Wag pumunta.
Peso is not weak, dollar is just strong.
No transportation issues, kulang lang diskarte.
History is like chismis

PH wins the gold medal sa mental gymnastics by a huge margin ü§≠",Text,12/29/22 17:46,"Rational, Emotional",10,-0.08,0,-0.13,5,0.11,0,-0.11,None
2,"peso, weak, dollar, strong",Anonymous,06/10,573,-0.03,1170,-0.16,Unidentified,"Ang tawag sa uri ng statement na ito ay ""Sandrocism.""

The peso is weak not because the peso is weak. The peso is weak because the dollar is strong. https://t.co/CWYqnGJSqY","Text,Image",12/24/22 21:57,Rational,14,-0.06,1,-0.11,0,-0.18,0,-0.11,None
3,"peso, weak, dollar, strong",Anonymous,05/20,628,0.05,535,-0.16,Unidentified,"The Peso is not weak, but the dollar  is really strong uh. üò• https://t.co/42hhU0fW3H","Text,Image",12/12/22 13:03,Emotional,1,-0.14,1,-0.11,0,-0.18,0,-0.11,None
4,"peso, weak, dollar, strong",Anonymous,09/22,78,-0.77,0,-0.16,Philippines,Is the peso strong because the dollar is weak na ba?????,"Text,Quote",12/7/22 22:34,Emotional,1,-0.14,0,-0.13,0,-0.18,0,-0.11,https://twitter.com/PhilstarNews/status/1600415913941307392
5,"peso, dollar, sandro",Identified,04/10,157,-0.65,84,-0.16,Philippines,‚Äúthe peso is not weak because the peso is weak. The peso is weak because the dollar is strong.‚Äù - SANDRO,"Text,Quote",12/6/22 21:09,Rational,0,-0.14,0,-0.13,0,-0.18,0,-0.11,https://twitter.com/cnnphilippines/status/1599933393495416832
6,"peso, weak, dollar, strong",Anonymous,05/13,198,-0.59,27503,-0.11,Unidentified,"the philippines: economic crisis
the concerts: the peso isn't weak because the peso is weak. the peso is weak because the dollar is strong",Text,12/3/22 19:08,Rational,143,0.73,5,-0.02,43,2.32,9,-0.01,None
7,"peso, dollar, sandro",Identified,04/20,107,-0.73,800,-0.16,Unidentified,"Peso rises vs Dollar. But why? Is it because PHP got stronger? No. USD falls due to dovish Fed outlook. So PHP can look strong when USD weakens. Consequently, PHP can look weak when USD strengthens: The Peso is weak not because it's weak, but because the Dollar is strong. Sandro was right. https://t.co/8JIjU6aYzB","Text,Image",12/2/22 17:58,Rational,91,0.41,5,-0.02,16,0.75,2,-0.09,None
8,"peso, weak, dollar, strong",Anonymous,09/22,42,-0.82,42,-0.16,Unidentified,the peso is weak because the dollar is strong,Text,11/28/22 23:55,Rational,0,-0.14,0,-0.13,0,-0.18,0,-0.11,None
9,"peso, weak, dollar, strong",Anonymous,09/21,268,-0.49,1288,-0.16,Unidentified,the peso is weak not because its weak but because the dollar is strong!!,Text,11/12/22 23:42,Rational,15,-0.05,2,-0.09,0,-0.18,0,-0.11,None
10,"peso, weak, dollar, strong",Anonymous,09/19,432,-0.24,1035,-0.16,Unidentified,‚Äúthe peso is weak because the dollar is strong‚Äù ü•≤,"Text,Quote",11/9/22 13:26,Emotional,7,-0.10,1,-0.11,0,-0.18,0,-0.11,https://twitter.com/polalovesiu888/status/1590212349423943680
11,"peso, weak, dollar, strong",Anonymous,05/19,466,-0.19,410,-0.16,Unidentified,"its giving ""the peso is not weak because the peso is not weak, the peso is weak because the dollar is strong"" pt.2","Text,Quote",11/5/22 23:06,Rational,16,-0.04,1,-0.11,0,-0.18,0,-0.11,https://twitter.com/iMPACTPH2019/status/1588793323464294400
12,"peso, weak, dollar, strong",Anonymous,01/21,114,-0.72,65,-0.16,Unidentified,"The peso is weak because the dollar is strong

F","Text,Quote",11/5/22 2:16,Emotional,0,-0.14,0,-0.13,0,-0.18,0,-0.11,https://twitter.com/gmanews/status/1588336311752331265
13,"peso, weak, dollar, strong",Anonymous,09/21,349,-0.37,754,-0.16,Unidentified,Peso is weak not because it's weak. Peso is weak because  dollar is strong üí™üí™ü•¥ü•¥,"Text,Quote",11/3/22 16:57,Emotional,0,-0.14,0,-0.13,0,-0.18,0,-0.11,https://twitter.com/PhilippineStar/status/1588063740486115328
14,"peso, weak, dollar, strong",Identified,07/09,413,-0.27,170,-0.16,Unidentified,hindi nga daw weak ung peso! strong nga lang daw ung dollar! kulet nyo powz üòÜ,"Text,Quote",11/3/22 16:00,Emotional,2,-0.13,0,-0.13,0,-0.18,0,-0.11,https://twitter.com/PhilippineStar/status/1588063740486115328
15,"peso, weak, dollar, strong",Anonymous,12/13,1338,1.11,2863,-0.15,Philippines,The peso is weak not because the peso is weak . It is because the dollar is strong.. ü•¥ü´¢ü´£ü§îü•±,"Text,Quote",11/3/22 15:35,Emotional,0,-0.14,0,-0.13,0,-0.18,0,-0.11,https://twitter.com/cnnphilippines/status/1588063808441810944
16,"peso, weak, dollar, strong",Identified,10/12,362,-0.35,254,-0.16,Unidentified,"Baguhin dapat nila wording:

FROM ""due to the weakening of the peso""
TO ""due to the strengthening of the dollar""

Kasi diba the peso is weak because the dollar is strong? Hahahahaha","Text,Quote",11/3/22 15:08,"Rational, Emotional",1,-0.14,0,-0.13,0,-0.18,0,-0.11,https://twitter.com/cnnphilippines/status/1588063808441810944
17,"peso, weak, dollar, strong",Anonymous,03/22,62,-0.79,9,-0.16,Unidentified,me when the peso is not weak because peso is weak peso is weak because dollar is strong,"Text,Quote",11/1/22 21:44,Rational,0,-0.14,0,-0.13,0,-0.18,0,-0.11,https://twitter.com/dontstartswift/status/1587421653688000515
18,"peso, weak, dollar, strong",Anonymous,02/21,146,-0.67,7,-0.16,Unidentified,Grabe nanaman kayo ang sasama niyo alam niyo namang The peso in not weak because the dollar is strong The dollar is strong because the peso is weak,"Text,Quote",10/31/22 21:49,Emotional,0,-0.14,0,-0.13,0,-0.18,0,-0.11,https://twitter.com/_mo4d_/status/1586641067256205312
19,"peso, weak, dollar, strong",Anonymous,07/18,435,-0.24,590,-0.16,Unidentified,the peso is not weak because the peso is weak. the peso is weak because the dollar is strong,"Text,Quote",10/31/22 18:03,Rational,1,-0.14,0,-0.13,0,-0.18,0,-0.11,https://twitter.com/markgeronimo_/status/1586974879072428032
20,"peso, weak, dollar, strong",Anonymous,04/21,759,0.25,117,-0.16,Unidentified,"More like wala na kasing natural gas sa Malampaya at kailangan na nating umangkat. Yun lang the peso is weak because the dollar is strong.

Energy crisis is imminent.","Text,Quote",10/30/22 17:40,Rational,0,-0.14,0,-0.13,0,-0.18,0,-0.11,https://twitter.com/heartofemmaus/status/1581670046790606848
21,"peso, weak, dollar, strong",Anonymous,08/22,985,0.58,810,-0.16,Unidentified,"#NewProfilePic the peso is not weak because the peso is weak 

The peso is weak because the dollar is strong https://t.co/CllX7I6lbQ","Text,Image",10/30/22 12:34,Rational,3,-0.12,0,-0.13,0,-0.18,1,-0.10,None
22,"peso, weak, dollar, strong",Anonymous,05/12,472,-0.18,20,-0.16,Philippines,The Peso is not weak because the dollar is strong. The President is not weak because the typhoon is strong. üòÄü§îü§≠,"Text,Quote",10/30/22 11:32,Emotional,0,-0.14,0,-0.13,0,-0.18,0,-0.11,https://twitter.com/inquirerdotnet/status/1586281728968380416
23,"peso, weak, dollar, strong",Anonymous,12/21,151,-0.66,177,-0.16,Unidentified,The peso is not weak because the peso is weak the peso is weak because the dollar is strong,Text,10/27/22 15:52,Rational,1,-0.14,0,-0.13,1,-0.12,0,-0.11,None
24,"peso, weak, dollar, strong",Anonymous,07/22,50,-0.81,45,-0.16,Unidentified,"bru all i know for gen info is that the peso is not weak because the peso is weak, the peso is weak because the dollar is strong",Text,10/27/22 5:08,Rational,4,-0.12,0,-0.13,0,-0.18,0,-0.11,None
25,"peso, weak, dollar, strong",Anonymous,09/20,291,-0.45,53,-0.16,Unidentified,"the peso isn't weak because the peso is weak, the peso is weak because the dollar is strong","Text,Quote",10/25/22 0:04,Rational,0,-0.14,0,-0.13,0,-0.18,0,-0.11,https://twitter.com/Suno0o0o0o/status/1584479683848335360
26,"peso, weak, dollar, strong",Anonymous,09/22,337,-0.38,109,-0.16,Unidentified,"FPLBM: Our economy is strong. It's the other nations' economies that are weak that affected ours.

Sandra: The Peso is not weak because it is weak. The Peso is weak because the US Dollar is strong.

Babaeng Ahas: Ang galing ng mag-ama ko.

Creative Scriptwriter: Beli gud.","Text,Quote",10/24/22 11:44,Rational,0,-0.14,0,-0.13,0,-0.18,0,-0.11,https://twitter.com/News5PH/status/1584111910714150912
27,"peso, weak, dollar, strong",Media,04/09,377,-0.32,51808,-0.06,Philippines,The peso is weak because the dollar is strong.,"Text,Quote",10/24/22 10:10,Rational,3,-0.12,1,-0.11,0,-0.18,0,-0.11,https://twitter.com/prinzmagtulis/status/1584364590225231872
28,"peso, weak, dollar, strong",Anonymous,08/20,55,-0.81,35,-0.16,Unidentified,hi @.gaon at @.hyunjin chat naman kayo sakin sayang 428 php ko alam niyo namang the peso is not weak because the peso is weak. the peso is weak because the dollar is strong */nagtampo,Text,10/22/22 23:29,Emotional,1,-0.14,0,-0.13,0,-0.18,0,-0.11,None
29,"peso, weak, dollar, strong",Anonymous,11/21,475,-0.18,582,-0.16,Unidentified,"sa letrang t

the peso is weak not because the peso is weak. The peso is weak because the dollar is strong.",Text,10/22/22 22:12,Rational,2,-0.13,0,-0.13,0,-0.18,0,-0.11,None
30,"peso, weak, dollar, strong",Anonymous,06/18,40,-0.83,305,-0.16,Unidentified,"its giving me peso is weak because the dollar is strong üòî
#MissQandAQueenfinityWar",Text,10/22/22 13:53,Emotional,0,-0.14,1,-0.11,0,-0.18,0,-0.11,None
31,"peso, weak, dollar, strong",Anonymous,12/20,1178,0.87,1357,-0.16,Philippines,the peso is weak because the dollar is strong,Text,10/21/22 8:36,Rational,0,-0.14,0,-0.13,0,-0.18,0,-0.11,None
32,"peso, weak, dollar, strong",Identified,10/20,48,-0.82,59,-0.16,Unidentified,the peso is not weak because the peso is weak. the peso is weak because the dollar is strong,Text,10/20/22 22:30,Rational,0,-0.14,1,-0.11,0,-0.18,0,-0.11,None
33,"peso, weak, dollar, strong",Anonymous,06/11,2319,2.57,2718,-0.15,Unidentified,"""The peso is weak because the dollar is strong‚Äù https://t.co/rXpDfsCIuw","Text,Image",10/20/22 21:16,Rational,8,-0.09,1,-0.11,0,-0.18,0,-0.11,None
34,"peso, weak, dollar, strong",Anonymous,04/21,1290,1.04,1374,-0.16,Unidentified,it's not that the peso is weak. it's just that the dollar is strong https://t.co/UaAs1W29tL,"Text,Image",10/20/22 15:55,Rational,9,-0.09,1,-0.11,0,-0.18,0,-0.11,None
35,"peso, weak, dollar, strong",Anonymous,10/22,743,0.22,778,-0.16,Unidentified,the üò§ peso ü§ë is ü¶∂ not üö´ weak üò´ because üòÅ the üëØ peso ü§ë is ü•ì weak üò´ the üëÄ peso ü§ë is üòí weak üò´ because ü§¢ the üó£Ô∏è dollar üíµ is üòê strong üí™,Text,10/20/22 15:00,Emotional,2,-0.13,1,-0.11,0,-0.18,0,-0.11,None
36,"peso, weak, dollar, strong",Anonymous,09/22,229,-0.55,81,-0.16,Unidentified,HAPPENING NOW: ‚ÄúThe peso is not weak because the peso is weak. The peso is weak because the dollar is strong.‚Äù https://t.co/TvNmhXMN7Z,"Text,Image",10/20/22 12:43,Rational,14,-0.06,0,-0.13,0,-0.18,0,-0.11,None
37,"peso, weak, dollar, strong",Anonymous,10/21,1081,0.73,4127,-0.15,Unidentified,"""peso is not weak because peso is weak, peso is weak because the dollar is strong""",Text,10/20/22 1:04,Rational,3,-0.12,0,-0.13,1,-0.12,0,-0.11,None
38,"peso, weak, dollar, strong",Identified,08/17,351,-0.36,740,-0.16,Philippines,The PESO is not WEAK because PESO is WEAK. The PESO is WEAK because DOLLAR is STRONG.,Text,10/19/22 23:04,Rational,0,-0.14,0,-0.13,0,-0.18,0,-0.11,None
39,"peso, weak, dollar, strong",Anonymous,06/10,234,-0.54,152,-0.16,Philippines,"Ban K-stuff? Another story of the Peso is weak because the Dollar is strong. Same vibes. Sa halip na ayusin ang sarili, pupunahin ang pag-angat ng iba. Classic crab mentality.",Text,10/19/22 13:53,"Rational, Emotional",3,-0.12,0,-0.13,0,-0.18,0,-0.11,None
40,"peso, weak, dollar, strong",Anonymous,10/17,724,0.19,697,-0.16,Unidentified,might have to update mah comm prices in the near future bc the peso is not weak because the peso is weak. the peso is weak becuase the dollar is strong ü§™ü§°ü§ëüí∏‚ù§Ô∏èüíö‚ù§Ô∏èüíö‚ù§Ô∏èüíö,Text,10/19/22 11:05,Emotional,3,-0.12,0,-0.13,0,-0.18,0,-0.11,None
41,"peso, weak, dollar, strong",Identified,11/09,183,-0.61,90910,0.01,Philippines,"And while the peso is weak bc the dollar is strong, most of the goods are also getting strongly unaffordable. Remember pancit canton when it was just Php6.00? Busog ka na sa Php20 mo noon. Ngayon kahit yung isang basong coke Php50+ na, eh 25 lang yung litro dati eh. Hays",Text,10/18/22 21:59,Emotional,32,0.05,0,-0.13,1,-0.12,0,-0.11,None
42,"peso, weak, dollar, strong",Anonymous,10/21,1113,0.77,391,-0.16,Unidentified,what do you mean by we? dont you know that the peso is not weak because the peso is weak. the peso is weak because the dollar is strong. dont we-we us,Text,10/18/22 19:03,Emotional,0,-0.14,0,-0.13,0,-0.18,0,-0.11,None
43,"peso, weak, dollar, strong",Anonymous,10/09,873,0.42,808,-0.16,Unidentified,"There is a saying, na di maintindihan ng nga Pinklawan; ""the peso is weak, not because it is weak. It is weak because the dollar is strong."" Tara mag Japan na tayo. https://t.co/PUGwfEhhjd","Text,Image",10/18/22 8:30,Emotional,9,-0.09,1,-0.11,3,0.00,1,-0.10,None
44,"peso, weak, dollar, strong",Anonymous,12/21,210,-0.57,169,-0.16,Unidentified,The peso is weak not because the peso is weak. The peso is weak because the dollar is strong https://t.co/gJzOQzIykv,"Text,Image",10/17/22 20:51,Rational,1,-0.14,2,-0.09,0,-0.18,0,-0.11,None
45,"peso, weak, dollar, strong",Anonymous,03/22,66,-0.79,15,-0.16,Unidentified,nasa ‚Ç±3k yung the link+ sa beyond live üò¢ laurd gusto ko lang naman sumaya pero the peso is not weak bcos it's weak. the peso is weak bcos the dollar is strong (bwakanang pinoy nga pala ako) üíî,Text,10/17/22 20:23,Emotional,0,-0.14,0,-0.13,0,-0.18,0,-0.11,None
46,"peso, weak, dollar, strong",Anonymous,04/14,336,-0.39,485,-0.16,Unidentified,The peso is not weak because the peso is weak. The peso is weak because the dollar is strong. https://t.co/uKWWRQiRJW,"Text,Image,Quote",10/17/22 19:13,Rational,0,-0.14,0,-0.13,0,-0.18,0,-0.11,https://twitter.com/JYPETWICE/status/1581887735631155200
47,"peso, weak, dollar, strong",Anonymous,05/20,109,-0.72,91,-0.16,Unidentified,üî•üî•üî•üî•üî•üöí Sunog! ü§£The peso is weak because the dollar is strong.,Text,10/17/22 10:31,Emotional,0,-0.14,0,-0.13,0,-0.18,0,-0.11,None
48,"peso, weak, dollar, strong",Anonymous,12/21,130,-0.69,73,-0.16,Unidentified,the peso ü§ë is weak üò∞ because the üí∞ peso is not üö´ weak üòì. the peso is weak because the dollar üíµ is strong üí™,Text,10/16/22 22:03,Emotional,0,-0.14,0,-0.13,0,-0.18,0,-0.11,None
49,"peso, weak, dollar, strong",Anonymous,09/21,1472,1.31,1096,-0.16,Unidentified,"Guys always remember na the peso is not weak bcuz the peso weak, the peso is week bcuz the dollar is strong ü´∂",Text,10/16/22 15:01,Emotional,5,-0.11,7,0.02,0,-0.18,0,-0.11,None
50,"peso, weak, dollar, strong",Identified,01/10,200,-0.59,106,-0.16,Unidentified,"Ma, ang daming afam ngayon sa MOA. As in. Feeling ko nandito na ang mag-aahon sa pamilya ko sa laylayan ng lipunan.

Pero mas ramdam kong kaya sila dagsa dito dahil alam nilang the peso is weak because the dollar is strong. Eme ü§°",Text,10/16/22 12:41,Emotional,0,-0.14,0,-0.13,0,-0.18,0,-0.11,None
51,"peso, dollar, sandro",Identified,02/13,73,-0.78,26,-0.16,Unidentified,"Gone in a snap:' OFW families bear brunt of weak peso

https://t.co/lVR10TXlXb

""The peso is not weak, because the peso is weak. The peso is weak because the dollar is strong.""¬†- Sandro Marcos, Dev't Studies graduate from the London School of Economics

https://t.co/NF8p7pxjWX -","Text,URL",10/16/22 12:09,Rational,0,-0.14,0,-0.13,0,-0.18,0,-0.11,None
52,"peso, dollar, sandro",Anonymous,07/13,1095,0.75,43878,-0.08,Unidentified,"Sandro Marcos got it right. The way he said is just kinda funny, but still right

The Peso is weak not because the Peso is weak but because the Dollar is strong

Peso is actually holding up well vs the other major currencies like Euro Yen etc https://t.co/h13sRydhYV","Text,Image",10/16/22 7:43,Rational,48,0.15,4,-0.05,15,0.69,0,-0.11,None
53,"peso, weak, dollar, strong",Identified,09/22,1,-0.89,2,-0.16,Unidentified,‚ÄòThe peso is weak because¬† the dollar is strong‚Äô https://t.co/rGFFFT9Hi3,"Text,URL",10/15/22 22:29,Rational,0,-0.14,0,-0.13,0,-0.18,0,-0.11,None
54,"peso, weak, dollar, strong",Anonymous,03/22,72,-0.78,71,-0.16,Unidentified,the peso is weak because the dollar is strong üòç,Text,10/15/22 19:49,Emotional,3,-0.12,0,-0.13,0,-0.18,0,-0.11,None
55,"peso, weak, dollar, strong",Identified,12/16,73,-0.78,25,-0.16,Unidentified,"The peso is not weak because the peso is weak, the peso is weak because the dollar is strong",Text,10/15/22 19:24,Rational,0,-0.14,0,-0.13,0,-0.18,0,-0.11,None
56,"peso, weak, dollar, strong",Anonymous,11/21,60,-0.80,23,-0.16,Unidentified,The peso is weak because the dollar is strong. üíØüíØ,Text,10/15/22 11:37,Rational,0,-0.14,1,-0.11,0,-0.18,0,-0.11,None
57,"peso, weak, dollar, strong",Anonymous,10/22,0,-0.89,0,-0.16,Unidentified,"the peso is not weak bcs the peso is weak, the peso is weak bcs the dollar is strong",Text,10/15/22 1:01,Rational,0,-0.14,0,-0.13,0,-0.18,0,-0.11,None
58,"peso, weak, dollar, strong",Anonymous,09/22,126,-0.70,202,-0.16,Unidentified,the peso is not weak because the peso is weak. the peso is weak because the dollar is strong.,Text,10/15/22 1:00,Rational,0,-0.14,0,-0.13,0,-0.18,0,-0.11,None
59,"peso, weak, dollar, strong",Anonymous,06/20,1453,1.28,1152,-0.16,Philippines,the peso is not weak because the peso is weak the peso is weak because the dollar is strong,Text,10/15/22 0:28,Rational,1,-0.14,0,-0.13,0,-0.18,0,-0.11,None
60,"peso, dollar, sandro",Anonymous,05/20,259,-0.50,190,-0.16,Philippines,"The peso is not weak because the peso is weak, the peso is weak because the dollar is strong amputa HAHAHAHAHAHAHA Lt Gago sana naging comedian ka nlng po nakaka entertain ka masyado yung utak niyo kasi kajolen lang eh charot HAHAHAHAHAHA LT NIYO SIR SANDRO LABYU LODI ‚úåÔ∏èüíö‚ù§Ô∏èüòÖ",Text,10/14/22 23:52,Emotional,0,-0.14,0,-0.13,0,-0.18,0,-0.11,None
61,"peso, weak, dollar, strong",Anonymous,05/20,607,0.02,150,-0.16,Unidentified,the peso is not weak bc the peso is weak the peso is weak bc the dollar is strong,Text,10/14/22 22:27,Rational,1,-0.14,0,-0.13,0,-0.18,0,-0.11,None
62,"peso, weak, dollar, strong",Anonymous,10/17,670,0.11,72,-0.16,Philippines,The peso is weak because the dollar is strong.,"Text,Quote",10/14/22 20:43,Rational,0,-0.14,0,-0.13,0,-0.18,0,-0.11,https://twitter.com/rowena_guanzon/status/1580727954891767808
63,"peso, weak, dollar, strong",Anonymous,02/21,227,-0.55,235,-0.16,Philippines,‚Äúthe peso is not weak because the peso is weak. the peso is weak because the dollar is strong.‚Äù ano dawüíÄüíÄ,Text,10/14/22 19:25,Emotional,0,-0.14,1,-0.11,0,-0.18,0,-0.11,None
64,"peso, weak, dollar, strong",Anonymous,12/21,1199,0.90,1306,-0.16,Unidentified,saulo ko na yung the peso is not weak because the peso is weak the peso is weak because the dollar is strong,Text,10/14/22 19:03,Rational,0,-0.14,0,-0.13,0,-0.18,0,-0.11,None
65,"peso, weak, dollar, strong",Anonymous,06/22,683,0.13,739,-0.16,Unidentified,The peso is not weak bc the peso is weak the peso is weak bc the dollar is strong,Text,10/14/22 18:59,Rational,3,-0.12,2,-0.09,0,-0.18,1,-0.10,None
66,"peso, weak, dollar, strong",Anonymous,09/17,3761,4.72,3842,-0.15,Unidentified,"nyenyenye magalit man kayo sakin the peso is not weak bc the peso is weak, the peso is weak bc the dollar is strong!",Text,10/14/22 14:08,Emotional,2,-0.13,0,-0.13,0,-0.18,0,-0.11,None
67,"peso, weak, dollar, strong",Anonymous,07/19,176,-0.62,470,-0.16,Unidentified,peso is weak bc dollar is strong,"Text,Quote",10/14/22 13:41,Rational,1,-0.14,0,-0.13,0,-0.18,0,-0.11,https://twitter.com/LucasImperial5/status/1580355832872828928
68,"peso, weak, dollar, strong",Anonymous,04/22,31,-0.84,0,-0.16,Unidentified,"Wait, is this about the Peso Weak/Dollar Strong? Also questioning his achievements, when in fact the Peso Weak/Dollar Strong statement was actually right too? You can't hate on something right, that's idiotic. Please explain what the tweet was talking about.","Text,Quote",10/14/22 7:03,"Transactional, Emotional",0,-0.14,0,-0.13,0,-0.18,0,-0.11,https://twitter.com/MiaMagdalena/status/1580328809173504000
69,"peso, weak, dollar, strong",Anonymous,05/12,597,0.00,326,-0.16,Unidentified,"We all know that the dollar is strong  and peso is weak. But are they doing anything to atleast combat the effects of the weakness of peso?

Yes we can't control such but we can control our own. All we want to see is for the gov to support the domestic economy.",Text,10/13/22 22:11,"Rational, Transactional",0,-0.14,0,-0.13,0,-0.18,0,-0.11,None
70,"peso, weak, dollar, strong",Anonymous,05/13,600,0.01,400,-0.16,Unidentified,"Tell me the peso is weak without telling me the peso is weak.

Answer: The dollar is strong.",Text,10/13/22 21:09,Rational,1,-0.14,0,-0.13,0,-0.18,0,-0.11,None
71,"peso, weak, dollar, strong",Identified,10/21,133,-0.69,10,-0.16,Philippines,"Peso is not weak
Because peso is weak
The peso is weak because
The dollar is strong
- cong. Sandro Marcos",Text,10/13/22 20:50,Rational,1,-0.14,0,-0.13,0,-0.18,0,-0.11,None
72,"peso, weak, dollar, strong",Anonymous,07/22,126,-0.70,98,-0.16,Unidentified,bakit naman ganyan Senator. the peso is not weak. the peso is weak because the dollar is strong. ganun yun,"Text,Quote",10/13/22 19:26,Rational,1,-0.14,0,-0.13,0,-0.18,0,-0.11,https://twitter.com/iampinglacson/status/1580411454070886400
73,"peso, weak, dollar, strong",Identified,07/09,161,-0.65,173,-0.16,Philippines,No! The peso is too weak because the dollar is too strong. ü§™,"Text,Quote",10/13/22 18:08,Emotional,0,-0.14,0,-0.13,0,-0.18,0,-0.11,https://twitter.com/bookpoets/status/1580463648417361921
74,"peso, weak, dollar, strong",Anonymous,07/20,224,-0.55,22,-0.16,Unidentified,"the peso is not weak because the peso is weak, its because the dollar is strong üòçüí™üí™ https://t.co/KLAQPZdyuD","Text,Image",10/13/22 18:04,Emotional,3,-0.12,1,-0.11,0,-0.18,0,-0.11,None
75,"peso, weak, dollar, strong",Anonymous,10/09,861,0.40,1095,-0.16,Unidentified,Hindi weak ang peso ah. Strong lang ang dollar. Tandaan nyo yan ü§£,"Text,Quote",10/13/22 17:32,Emotional,0,-0.14,0,-0.13,0,-0.18,0,-0.11,https://twitter.com/ABSCBNNews/status/1580491029572190210
76,"peso, weak, dollar, strong",Anonymous,08/21,116,-0.71,50,-0.16,Unidentified,"Peso is weak because the dollar is strong, and dollar is strong because it's one of the safest currency in the world. So, here I am putting some savings in USDT (Tether) Stablecoin. Because I won't let my hard-earned money be beaten by this worldwide inflation. #Cryptocurency",Text,10/13/22 17:21,Rational,0,-0.14,0,-0.13,0,-0.18,0,-0.11,None
77,"peso, weak, dollar, strong",Anonymous,02/21,277,-0.47,814,-0.16,Unidentified,I would like to make one thing clear... the peso is not weak because the peso is weak. The peso is weak because the dollar is strong,"Text,Quote",10/13/22 17:09,Rational,2,-0.13,1,-0.11,0,-0.18,0,-0.11,https://twitter.com/khjholdings/status/1580484704968769537
78,"peso, weak, dollar, strong",Identified,09/09,270,-0.48,636,-0.16,Philippines,The peso is not weak because the peso is weak. The peso is weak because the dollar is strong.,"Text,Quote",10/13/22 16:29,Rational,1,-0.14,0,-0.13,0,-0.18,0,-0.11,https://twitter.com/ABSCBNNews/status/1580470462077104129
79,"peso, weak, dollar, strong",Anonymous,08/21,71,-0.78,42,-0.16,Unidentified,"""The peso is not weak because the peso is weak the peso is weak because the dollar is strong"" so simple dami kasing ebas",Text,10/13/22 9:29,Rational,0,-0.14,0,-0.13,0,-0.18,0,-0.11,None
80,"peso, weak, dollar, strong",Anonymous,10/18,223,-0.55,205,-0.16,Philippines,teacher pa naman kayo sa ecom tapos kayo pa yung di naka gets ng the peso is weak bcoz the dollar is strong. ano pa nga ba tatanda na kayo sa prvt school,Text,10/13/22 7:28,Emotional,0,-0.14,0,-0.13,0,-0.18,0,-0.11,None
81,"peso, weak, dollar, strong",Anonymous,10/22,483,-0.17,58,-0.16,Unidentified,Sandro tama sa totoo.lng the peso is weak because the.dollor is strong ...kse nga di na kasalanan ng gobyerno un america rin kse nagpapataas nian para bumagsak.ang piso sino ba makikinabang ng pagtass ng dollar eh di ung mga nagaabroad ...saya nga nila kase nga mataas palitan ..,Text,10/13/22 4:57,Rational,0,-0.14,0,-0.13,0,-0.18,0,-0.11,None
82,"peso, weak, dollar, strong",Anonymous,01/15,578,-0.02,465,-0.16,Unidentified,"The peso is not weak because the peso is weak, the peso is weak because the dollar is strong","Text,Quote",10/13/22 2:09,Rational,0,-0.14,0,-0.13,0,-0.18,0,-0.11,https://twitter.com/naayrhh/status/1579823328050958336
83,"peso, weak, dollar, strong",Anonymous,07/20,306,-0.43,389,-0.16,Philippines,"I saw some people making fun of this statement, but what he said made sense. The peso is not weak because the peso is weak. The peso is weak because the dollar is strong! Pound to peso is still pretty much the same. It‚Äôs not weak, the dollar is just strong. 

Hang tough Sandro! https://t.co/PHcCRlMCEu","Text,Image",10/13/22 0:35,Rational,0,-0.14,0,-0.13,0,-0.18,1,-0.10,None
84,"peso, weak, dollar, strong",Anonymous,05/19,121,-0.71,39,-0.16,Philippines,"the peso is not weak because the peso is weak, the peso is weak because the dollar is strong","Text,Quote",10/13/22 0:07,Rational,0,-0.14,0,-0.13,0,-0.18,0,-0.11,https://twitter.com/JoaquinRedReyes/status/1580112771760283648
85,"peso, weak, dollar, strong",Anonymous,08/21,520,-0.11,200,-0.16,Philippines,I don't understand bakit ginagawang joke yung statement ni sandro na ‚ÄúPeso is weak because dollar is strong‚Äù ??? Is there something wrong with the fact he stated????,Text,10/12/22 21:58,Emotional,1,-0.14,0,-0.13,0,-0.18,0,-0.11,None
86,"peso, weak, dollar, strong",Anonymous,05/16,145,-0.67,125,-0.16,Unidentified,I would like to make one thing clear...the peso is not weak because the peso is weak. The peso is weak because the dollar is strong. üòî‚úåüèº‚ù§Ô∏èüíö,Text,10/12/22 20:36,"Rational, Emotional",2,-0.13,1,-0.11,0,-0.18,0,-0.11,None
87,"peso, weak, dollar, strong",Anonymous,02/22,2629,3.04,3018,-0.15,Unidentified,"Sandro is not wrong, because he is wrong. Sandro is wrong because your brains are f*cked up &amp; don't understand simple english, math, &amp; econ.
For the stupid f*ckers out there, eat the data below!
The peso is not weak,coz the peso is weak. The peso is weak coz the dollar is strong. https://t.co/NUkjeku86E","Text,Image",10/12/22 14:57,"Rational, Emotional",137,0.69,15,0.19,30,1.56,4,-0.06,None
88,"peso, weak, dollar, strong",Identified,10/19,224,-0.55,296,-0.16,Unidentified,"The peso is not weak because the peso is weak, the peso is weak because the dollar is strong",Text,10/12/22 12:50,Rational,13,-0.06,0,-0.13,0,-0.18,1,-0.10,None
89,"peso, weak, dollar, strong",Anonymous,07/21,61,-0.80,114,-0.16,Philippines,"""The peso is not weak because the peso is weak. The peso is weak because the dollar is strong.""

Sobrang linaw pero hirap na hirap yung mga may indoctrinated braincell ni joma intindihin sinabi ni sandro.",Text,10/11/22 17:36,"Rational, Emotional",25,0.01,3,-0.07,3,0.00,0,-0.11,None
90,"peso, dollar, sandro",Anonymous,12/09,195,-0.60,233,-0.16,Philippines,"I think nothing is wrong sa statement ni Sandro boy sa peso-dollar shit. Thing is, people in the opposition loves to romanticize trivial things to put someone in a bad light. In fact, mas ulaw pa ang UNSLEFLESS gani, in all aspects of interpretation",Text,10/12/22 19:17,Emotional,2,-0.13,2,-0.09,0,-0.18,0,-0.11,None
91,"peso, dollar, sandro",Anonymous,12/20,560,-0.05,460,-0.16,Unidentified,"yung mga totoong economista sang-ayon sa sinabi ni Sandro abt the peso vs dollar, pero yung mga feeling economista daming kuda hindi naman pala gets yung pinopoint out ng Congressman. Mag shut up nalang lage jud beh.",Text,10/12/22 17:43,Emotional,0,-0.14,0,-0.13,0,-0.18,0,-0.11,None
92,"peso, dollar, sandro",Anonymous,02/22,462,-0.20,387,-0.16,Philippines,"Tama si Sandro, kung yung Indian Rupee nga eh 82 compared to US dollar  samantalang dati halos pantay lang yung value sa Phil. Peso.  Yun ang ibig sabihin ni Sandro, strong lang talaga ang US dollar.  Di lang magets ng iba o sadyang nagtatangatangahan, para makapanira lang.",Text,10/12/22 16:36,"Rational, Emotional",4,-0.12,0,-0.13,0,-0.18,0,-0.11,None
93,"peso, dollar, sandro",Identified,05/20,310,-0.42,272,-0.16,Unidentified,"Cong. Sandro's comment about Peso VS Dollar made sense- but seems a lot of people did not get it. Either that, or they didn't listen to the explanation and just read the ""headline"".",Text,10/12/22 12:54,Rational,1,-0.14,0,-0.13,0,-0.18,0,-0.11,None
94,"peso, dollar, sandro",Identified,11/12,301,-0.44,491,-0.16,Philippines,"i don't like marcoses but what sandro said abt peso and dollar is true, kaya di ko magets yung reactions üòÖ",Text,10/12/22 11:42,Emotional,0,-0.14,0,-0.13,0,-0.18,0,-0.11,None
95,"peso, dollar, sandro",Identified,05/22,159,-0.65,101,-0.16,Unidentified,"Para sa mga lutang na walang humpay mag kritiko!

Yung iba kasi mga lutang di nila naintindihan sinasabi ni Sandro haist kaming mga ofw naintindihan nmin ibig sabihin nun 
Hindi talaga mahina ang peso
Mahina ang peso dahil nag taas ng halaga ng interest ang dollar!
Gets??? https://t.co/tjGJaL5ZUF","Text,Image",10/12/22 11:13,Emotional,1,-0.14,0,-0.13,0,-0.18,0,-0.11,None
96,"peso, weak, dollar, strong",Anonymous,07/18,479,-0.17,215,-0.16,Unidentified,the peso üÖøÔ∏è is weak üò™ because ü§® the dollar üí≤ is strong üí™,Text,12/10/22 10:25,Emotional,1,-0.14,0,-0.13,0,-0.18,0,-0.11,None
97,"peso, weak, dollar, strong",Anonymous,07/21,61,-0.80,114,-0.16,Philippines,"Sandro: The peso is weak because the dollar is strong.

Economists &amp; Entrepreneurs: He's right.

Meanwhile..

Mga proud professors, Lawyers, PhD, MD:
*ginawan ng meme at joke yung sinabi ni sandro imbis i-analyze*

Ganito na ba mga ""professional"" ngayon? https://t.co/NJ4RwuXTfd","Text,Image",12/10/22 10:16,Rational,0,-0.14,1,-0.11,0,-0.18,0,-0.11,None
98,"peso, weak, dollar, strong",Media,03/13,62,-0.79,2921,-0.15,Philippines,"Memes satirize Sandro Marcos saying ‚Äòpeso is weak because dollar is strong‚Äô, but was he wrong? https://t.co/fllGXzmsiL https://t.co/IVFOxNw5KR","Text,URL",12/10/22 10:01,Transactional,0,-0.14,0,-0.13,0,-0.18,0,-0.11,None
99,"peso, weak, dollar, strong",Anonymous,08/16,2493,2.83,1725,-0.16,Unidentified,The peso is not weak because the peso is weak the peso is weak because the dollar is strong,"Text,Quote",12/10/22 9:49,Rational,0,-0.14,0,-0.13,0,-0.18,0,-0.11,https://twitter.com/taksped/status/1580133241130201088
100,"peso, weak, dollar, strong",Anonymous,01/18,1714,1.67,13645,-0.13,Philippines,The peso is weak because the dollar is strong https://t.co/ZLG8wSSkKE,"Text,Image",12/10/22 7:09,Rational,46,0.14,2,-0.09,7,0.23,0,-0.11,None
101,"peso, weak, dollar, strong",Anonymous,3/14,836,0.36,507,-0.16,Philippines,"Malinaw naman pagkaka explain Doon ni Sandro pero Ewan ko ba bakit parang nka stick Lang sila dun sa peso is weak, not because pesos is weak
Pesos is weak because usd is strong.. Bat nga ba hirap sila unawain na malakas ang dollar kontra sa lahat NG currency sa buong mundo ü§ì","Text,Quote",12/10/22 21:57,Emotional,0,-0.14,0,-0.13,0,-0.18,0,-0.11,https://twitter.com/jmy_perez/status/1579905723680817152
102,"peso, weak, dollar, strong",Anonymous,7/19,180,-0.62,111,-0.16,Philippines,"Trend ngayon yung pagsabi ni Sandro ng 'The peso is weak because the dollar is strong', unang panood ko dun, nagets ko kasi pinanood ko yung explanation nya. Hindi naman ako ekonomista, pero yung points nya nagmemake sense naman, lah, paulit-ulit den naman sinasabi nya dba?",Text,12/10/22 21:56,Rational,0,-0.14,1,-0.11,0,-0.18,0,-0.11,None
103,"peso, weak, dollar, strong",Anonymous,3/20,116,-0.71,4982,-0.15,Unidentified,People bashing Sandro Marcos for saying that peso is not really weak dollar is strong are people who lack comprehension or education on economics. Villar‚Äôs statement is an explanation for the dimwits. https://t.co/k46usK07G7,"Text,Image",12/10/22 12:25,Rational,45,0.13,6,0.00,9,0.35,3,-0.07,None
104,"peso, weak, dollar, strong",Anonymous,5/22,302,-0.44,1691,-0.16,Philippines,"There is nothing wrong sa ‚Äúpesos-is-weak-the-dollar-is-strong‚Äù statement ni Congressman Sandro, ang mas cringe and downright embarrasing is yung paggamit ni LENLEN ng #unselfless with conviction. ü§¶‚Äç‚ôÇ

Go to FB post 
üëâ https://t.co/tULkzkzFrm","Text,URL",12/10/22 10:28,"Rational,Emotional",0,-0.14,0,-0.13,0,-0.18,0,-0.11,None
105,"peso, weak, dollar, strong",Anonymous,9/8,389,-0.31,1917,-0.16,Unidentified,"The Peso (‚Ç±) is weak not because it is weak. The Peso is weak because the Dollar ($) is strong.

@sandromarcos7 is right - just look at how Philippine Peso fare well with other currencies.

Don't be like Kakampwets ‚Äî 'unselfless' lang kase naiintindihan nila. https://t.co/px5qZHFDdv","Text,Image",12/10/22 9:57,Rational,16,-0.04,2,-0.09,10,0.40,0,-0.11,None
106,"peso, weak, dollar, strong",Anonymous,7/20,1934,2.00,739,-0.16,Unidentified,A peso is not weak because the peso is weak. A peso is weak because the dollar is strong.,"Text,Quote",12/10/22 9:54,Rational,1,-0.14,0,-0.13,0,-0.18,0,-0.11,https://twitter.com/lancedevanadera/status/1579825802350571522
107,"peso, weak, dollar, strong",Anonymous,9/21,1057,0.69,730,-0.16,Unidentified,"The peso is not weak, because the peso is weak. The peso is weak because the dollar is strong.",Text,12/10/22 9:17,Rational,20,-0.02,0,-0.13,0,-0.18,0,-0.11,None
108,"peso, weak, dollar, strong",Identified,3/14,335,-0.39,28,-0.16,Unidentified,The Peso is not weak because the Peso is weak. The Peso is weak because the Dollar is strong. Gets naman sya kay sa don sa isa na pauso ng word na UNSELFLESS like WTF.,Text,12/10/22 9:13,Rational,0,-0.14,0,-0.13,0,-0.18,0,-0.11,None
109,"peso, weak, dollar, strong",Identified,9/6,202,-0.59,333,-0.16,International,"Forex101 para sa mga bida:
Pag mataas ang dollar (since it‚Äôs a safe haven for investors), high yield currencies such as aud, eur, cad, gbp, etc will be low. In short, the peso is not weak bec the peso is weak. The peso is weak bec the dollar is strong ü§™ https://t.co/MHYgByESiS","Text,Image",12/10/22 9:10,Emotional,4,-0.12,0,-0.13,0,-0.18,0,-0.11,None
110,"peso, weak, dollar, strong",Anonymous,10/8,8,-0.88,2,-0.16,Unidentified,Sandro Marcos says peso is weak not because it‚Äôs weak: Dollar is just strong now https://t.co/cFPzaZSJRb,"Text,URL",12/10/22 8:32,Rational,0,-0.14,0,-0.13,0,-0.18,0,-0.11,None
111,"peso, weak, dollar, strong",Identified,11/20,927,0.50,857,-0.16,International,"Ano kaya mali sa sinabi ni Sandro na ‚ÄòThe peso is not weak because the peso is weak. The peso is weak because the dollar is strong.‚Äù Eh may explanation naman si Sandro, hetong mga kakampoque na mga to, ayaw sa spliced pero ayaw rin manuod or magbasa ng buo. Tatanga nyo.",Text,12/10/22 8:18,Emotional,1,-0.14,0,-0.13,0,-0.18,0,-0.11,None
112,"peso, weak, dollar, strong",Anonymous,7/20,1046,0.67,1245,-0.16,Philippines,"Funny how critics laugh about what sir Cong. Sandro said, see he's just saying that our money(the peso) is not weak 'coz it's weak, it's just that dollar became strong bec. the US dictates it, but come to think of it, Dollar is a ""Fiat Money"" why? Bec. They don't have gold üëáüèª https://t.co/TSH4RXtZfy","Text,Image",12/10/22 8:07,Rational,7,-0.10,2,-0.09,0,-0.18,1,-0.10,None
113,"peso, weak, dollar, strong",Anonymous,8/17,92,-0.75,516,-0.16,Unidentified,the peso is not weak because the peso is weak the peso is weak because the dollar is strong,Text,12/10/22 7:44,Rational,1,-0.14,0,-0.13,0,-0.18,0,-0.11,None
114,"peso, dollar, sandro",Anonymous,9/6,250,-0.51,270,-0.16,Unidentified,Mga wa kasabot nalibog kay Sandro. But he‚Äôs right. The Ph Peso is weak because the US dollar is strong.,Text,12/10/22 6:57,Rational,1,-0.14,0,-0.13,0,-0.18,0,-0.11,None
115,"peso, dollar, sandro",Anonymous,5/16,3408,4.20,17723,-0.13,Unidentified,"Sandro Marcos says peso is weak not because it‚Äôs weak: Dollar is just strong now https://t.co/uh0XfGs8iv

Sandro is not weak because his dad is weak.","Text,URL",12/10/22 6:04,Rational,28,0.03,9,0.06,3,0.00,1,-0.10,None
116,"peso, dollar, sandro",Anonymous,4/15,1138,0.81,538,-0.16,Unidentified,"Sandro makes sense, kinda, peso is actually weak but to an extent since the dollar is getting strong due to the Federal Reserve Policy.

So yes peso is weak daw but not that weak is what he is saying.",Text,12/10/22 4:28,Rational,3,-0.12,1,-0.11,0,-0.18,0,-0.11,None
117,"peso, weak, dollar, strong",Anonymous,3/14,442,-0.23,268,-0.16,Unidentified,"The peso is not weak because the peso is weak, the peso is weak because the dollar is strong and I am strong when I am on your shoulder, you raise me up to more than I can be.",Text,12/10/22 4:13,Emotional,10,-0.08,0,-0.13,1,-0.12,2,-0.09,None
118,"peso, weak, dollar, strong",Anonymous,8/20,123,-0.70,143,-0.16,Unidentified,THE PESO IS WEAK BECAUSE THE DOLLAR IS STRONG &gt;&gt;&gt; PEOPLE DIE IF THEY ARE KILLED,Text,12/10/22 2:55,Emotional,0,-0.14,0,-0.13,0,-0.18,0,-0.11,None
119,"peso, weak, dollar, strong",Anonymous,9/11,432,-0.24,443,-0.16,Unidentified,I would like to make one thing clear. The peso is weak because the dollar is strong! Tapos makikita mo presidente nagliliwaliw sa Singapore kasama ng anak nya at mga barkada nito. Mag trabaho ka naman! Wag puro pasarap!,Text,12/10/22 2:25,Emotional,75,0.31,0,-0.13,21,1.04,0,-0.11,None
120,"peso, weak, dollar, strong",Anonymous,8/21,1605,1.51,1043,-0.16,Unidentified,Ito po ang resulta ng wala ka ng mabibilhan na makakapagbigay ng saya katulad ng Jabee kaso nagmahal na siya kasi nga The peso ‚Ç±‚Ç± is not weak üôÖ‚Äç‚ôÄÔ∏èüò© because the peso ‚Ç±‚Ç± is weaküò™. The peso ‚Ç±‚Ç± is weak ü•±üò´ because the dollar üíµü§ë is strong üí™üí™.,"Text,Quote",12/10/22 2:04,Emotional,0,-0.14,0,-0.13,0,-0.18,0,-0.11,https://twitter.com/AltStarMagic/status/1579736320091774976
121,"peso, weak, dollar, strong",Anonymous,9/20,989,0.59,2756,-0.15,Unidentified,The peso is not weak because the peso is weak. The peso is weak because the dollar is strong. https://t.co/2kOkDiU0AQ,"Text,Image",12/10/22 1:47,"Rational,Emotional",1,-0.14,0,-0.13,0,-0.18,0,-0.11,None
122,"peso, dollar, sandro",Media,8/22,76,-0.77,101,-0.16,Unidentified,1st District Representative of Ilocos Norte Sandro Marcos spoke out about the peso dollar rate. 'Peso is not weak because peso is weak'. 'The Peso is weak because the dollar is strong'. https://t.co/jeXk9EVxm8,"Text,Video",12/10/22 1:33,Rational,36,0.08,3,-0.07,15,0.69,7,-0.03,None
123,"peso, weak, dollar, strong",Anonymous,6/20,124,-0.70,17,-0.16,Unidentified,the peso is the weak. the dollar is the strong. üòù,Text,12/10/22 1:04,"Rational,Emotional",0,-0.14,0,-0.13,0,-0.18,0,-0.11,None
124,"peso, weak, dollar, strong",Media,8/7,1810,1.81,3731332,6.92,Philippines,"#ICYMI: ""The peso is not weak, because the peso is weak. The peso is weak because the dollar is strong,"" Marcos said. https://t.co/yx8Dhz4kbx","Text,URL",12/10/22 1:00,Rational,64,0.25,62,1.19,13,0.58,22,0.14,None
125,"peso, dollar, sandro",Identified,9/4,765,0.25,2582,-0.15,Philippines,"BBM: We have no territorial conflict with China. What we have is China claiming territory that belongs to the Philippines.

Sandro: The peso is not weak because the peso is weak. The peso is weak because the dollar is strong.

Imee: Never seen GOLD!

Imelda: We have 7000 tons!",Text,12/10/22 0:53,Emotional,11,-0.08,0,-0.13,0,-0.18,0,-0.11,None
126,"peso, weak, dollar, strong",Anonymous,4/22,586,-0.01,609,-0.16,Unidentified,the peso is not weak because the peso is weak the peso is weak because the dollar is strong,Text,12/10/22 0:21,Rational,0,-0.14,1,-0.11,0,-0.18,0,-0.11,None
127,"peso, weak, dollar, strong",Anonymous,9/18,34,-0.84,57,-0.16,Unidentified,"peso not weak, dollar is strong ü´∂üèªü´∂üèªü´∂üèª",Text,12/10/22 0:06,"Rational,Emotional",1,-0.14,0,-0.13,0,-0.18,0,-0.11,None
128,"peso, weak, dollar, strong",Anonymous,4/21,1753,1.73,45,-0.16,Unidentified,"""The peso is not weak because the peso is weak. The peso is weak because the dollar is strong."" https://t.co/1nF6PhgCXw","Text,Image",11/10/22 23:59,"Rational,Emotional",1,-0.14,1,-0.11,0,-0.18,0,-0.11,None
129,"peso, weak, dollar, strong",Anonymous,1/18,329,-0.40,329,-0.16,Philippines,"not gonna lie tho.. if you read the whole article, may point ata si s4ndro sa ""peso is weak because the dollar is strong"" statement niya",Text,11/10/22 23:46,Rational,4,-0.12,1,-0.11,0,-0.18,0,-0.11,None
130,"peso, dollar, sandro",Identified,11/5,570,-0.04,6950,-0.15,Philippines,"""The peso is weak because the dollar is strong"" statement ni Sandro that the eedyots picked up without listening to the whole beat is a sign of their unending idiocy.  Wag nyo igaya kay @lenirobredo si Sandro. Her LUGAW BRAIN is phenomenal.",Text,11/10/22 23:18,Emotional,6,-0.11,0,-0.13,1,-0.12,0,-0.11,None
131,"peso, dollar, sandro",Media,10/4,2132,2.29,707683,1.18,Philippines,"""THE PESO IS WEAK BECAUSE THE DOLLAR IS STRONG.""

Sa isang press briefing, ipinaliwanag ni Ilocos Norte 1st District Rep. Sandro Marcos kung bakit patuloy ang pagsadsad ng halaga ng piso kontra dolyar. #News5 

WATCH: https://t.co/ubysWYBNEl https://t.co/3jBjGPKVbj","Text,URL",11/10/22 23:06,Rational,7,-0.10,6,0.00,0,-0.18,3,-0.07,None
132,"peso, weak, dollar, strong",Identified,9/5,584,-0.02,4060,-0.15,Philippines,"So today we were told that the rising prices are okay, and are in fact necessary, and the peso is not weak, it's just that the dollar is strong. It's a good day.",Text,11/10/22 22:38,Rational,4,-0.12,0,-0.13,1,-0.12,0,-0.11,None
133,"peso, weak, dollar, strong",Identified,9/6,767,0.26,253,-0.16,Philippines,TLDR: weak peso is caused by strong US dollar. Yan lang dapat. üòÖ,"Text,Quote",11/10/22 22:33,Rational,0,-0.14,0,-0.13,0,-0.18,0,-0.11,https://twitter.com/inquirerdotnet/status/1579829265058918401
134,"peso, weak, dollar, strong",Anonymous,11/10,1596,1.49,647,-0.16,Philippines,"Sandro's statement that ""THE PESO IS WEAK BECAUSE THE DOLLAR IS STRONG"" is clickbait on media's end

tbf, he explains and seems to understand the currency situation fairly well

he's already probably smarter and makes more sense than his dad lmao",Text,11/10/22 22:26,Rational,8,-0.09,3,-0.07,0,-0.18,0,-0.11,None
135,"peso, dollar, sandro",Media,9/6,669,0.11,372059,0.55,Philippines,"THE PESO IS NOT WEAK BECAUSE THE PESO IS WEAK.'

Ilocos Norte 1st District Rep. Sandro Marcos claimed that the Philippine peso is currently in a downfall because the US dollar is just so strong now. | https://t.co/X1mtCxpmDT

READ: https://t.co/Rf6iwIojtF https://t.co/Y811uAZoxT","Text,Image,URL",11/10/22 22:14,Rational,5,-0.11,3,-0.07,1,-0.12,6,-0.04,None
136,"peso, dollar, sandro",Media,8/7,1810,1.81,3731332,6.92,Philippines,"THE PESO IS NOT WEAK BECAUSE THE PESO IS WEAK.'

Ilocos Norte 1st District Rep. Sandro Marcos claimed that the Philippine peso is currently in a downfall because the US dollar is just so strong now.

READ: https://t.co/zh9syUeI1L https://t.co/7GCWE4grgZ","Text,Image,URL",11/10/22 21:40,Rational,415,2.39,205,4.22,46,2.49,344,3.84,None
137,"peso, dollar, sandro",Anonymous,7/15,734,0.21,1003,-0.16,Unidentified,the peso is weak bc the dollar is strong ü§©üòñü•∫üò£üôè - boss lodi sandro marcos ü•∞üò¥‚ù§Ô∏èüòé,Text,11/10/22 21:17,"Rational,Emotional",5,-0.11,2,-0.09,0,-0.18,0,-0.11,https://twitter.com/lakwatsarah/status/1579753618265497601
138,"peso, dollar, sandro",Media,8/7,1810,1.81,3731332,6.92,Philippines,"Marcos: ‚ÄúThe peso is not weak, because the peso is weak. The peso is weak because the dollar is strong.‚Äù | @GabrielLaluINQ https://t.co/uO58jXalZF","Text,Image,URL",11/10/22 20:46,Rational,1960,11.81,538,11.30,198,11.30,1013,11.51,None
139,"peso, weak, dollar, strong",Anonymous,9/6,2164,2.34,2203,-0.16,International,"RP economy is stable and strong, bcoz of these the peso has not weakened. The peso is seemingly weaker bcoz  exchange rate with the dollar is higher, but its due to the STRENGTH  o d US DOLLAR &amp; its HIGH INTEREST rate, NOT  BCOZ  RP ECONOMY IS WEAK causing d fall of d peso.",Text,11/10/22 20:36,Rational,0,-0.14,0,-0.13,0,-0.18,0,-0.11,None
140,"peso, weak, dollar, strong",Anonymous,10/20,160,-0.65,178,-0.16,Unidentified,"As much as I don't like this guy, what he's saying is true. The peso is weak because the dollar is strong. US is hiking its interest rates to defeat inflation. USD strengthens because it has become high-yielding, other currencies sink (Not just PHP, also EUR, JPY, etc.)","Text,Quote",11/10/22 20:36,Rational,8,-0.09,0,-0.13,1,-0.12,0,-0.11,https://twitter.com/iMPACTPH2019/status/1579754408333967361
141,"peso, weak, dollar, strong",Anonymous,8/13,89,-0.75,129,-0.16,Unidentified,"Okay Sandro let's get to the bottom of this. Granted that the peso is weak, not because it's weak but because the dollar is strong. The question still remains: What is the current administration doing to atleast alleviate it's impact on the poor masses?",Text,11/10/22 20:03,Transactional,1,-0.14,0,-0.13,0,-0.18,0,-0.11,None
142,"peso, weak, dollar, strong",Anonymous,11/21,360,-0.35,379,-0.16,Unidentified,because i would like to make one thing clear‚Ä¶ the peso is not weak because the peso is weak. the peso is weak because the dollar is strong.,"Text,Quote",11/10/22 19:31,Rational,1,-0.14,0,-0.13,0,-0.18,0,-0.11,https://twitter.com/maobabie/status/1579562895285055489
143,"peso, weak, dollar, strong",Anonymous,9/7,1163,0.85,407,-0.16,Philippines,Peso (our own currency) is getting weak because the dollar is getting strong as it is a safety net for many other currencies. He has a point and I don't blame him. He actually makes sense. Some people convert their currencies to dollar. The global market is trading in dollar.,"Text,Quote",11/10/22 19:16,Rational,1,-0.14,1,-0.11,1,-0.12,0,-0.11,https://twitter.com/iMPACTPH2019/status/1579754408333967361
144,"peso, weak, dollar, strong",Anonymous,2/20,122,-0.71,65,-0.16,Philippines,"‚ÄúI would like to make one thing clear... the peso is not weak because the peso is weak. The peso is weak because the dollar is strong.‚Äù

Yes",Text,11/10/22 18:57,Rational,0,-0.14,0,-0.13,0,-0.18,0,-0.11,None
145,"peso, weak, dollar, strong",Identified,9/6,357,-0.35,105,-0.16,Philippines,"""I would like to make one thing clear... The dollar is not strong because the dollar is strong. The dollar is strong because the peso is weak."" https://t.co/VHgrgSt56f","Text,Image",11/10/22 17:29,Rational,0,-0.14,0,-0.13,0,-0.18,0,-0.11,None
146,"peso, weak, dollar, strong",Anonymous,10/11,1625,1.54,16970,-0.13,Philippines,"As the peso becomes weaker not because it is weak but because the dollar is strong, government has done the following:

‚úÖÔ∏è 20% increase in import volume YoY as of Septmber 2022
‚úÖÔ∏è borrowed $2 billion in dollar bonds in October 2022","Text,Quote",11/10/22 16:52,Rational,42,0.11,2,-0.09,7,0.23,0,-0.11,https://twitter.com/markyscrackling/status/1579754384715812864
147,"peso, dollar, sandro",Anonymous,1/14,326,-0.40,213,-0.16,Unidentified,"It's funny how ppl do hate Sandro bcos he explained why the peso is weak against the US dollar. Kung trader ka at matalino ka maka Leni ka man or BBM, you'll get his point. Simple microeconomics and macroeconomics lang, magegets mo yung explanation ni Sandro.",Text,10/16/2022 7:43,Rational,1,-0.14,1,-0.11,0,-0.18,0,-0.11,None
148,"peso, dollar, sandro",Anonymous,9/20,706,0.17,1949,-0.16,Unidentified,"regarding sandro's statement that ""the peso is not weak, the dollar is strong.""

at it's surface, it may appear a tautology, but there is some level of truth to it. +

https://t.co/mIEqNZqx26","Text,URL",10/15/2022 11:56,Rational,1,-0.14,1,-0.11,0,-0.18,0,-0.11,None
149,"peso, dollar, sandro",Anonymous,12/15,24,-0.85,24,-0.16,Unidentified,"tbf tama naman talaga ‚Äòyung statement ni sandro re: dollar and peso relationship. ang mali lang, walang action plan. nugagawen namin sa explanation mo",Text,10/14/2022 15:57,"Rational,Emotional",2,-0.13,1,-0.11,0,-0.18,0,-0.11,None
150,"peso, dollar, sandro",Identified,8/19,643,0.07,296,-0.16,Philippines,"Sandro Marcos is actually correct. Because of the US Federal Reserve‚Äôs tightening monetary policy, the peso including all other currencies are devaluing compared to the dollar. https://t.co/CH2fzL5z4M","Text,Image",12/10/22 10:56,Rational,2,-0.13,1,-0.11,0,-0.18,0,-0.11,None
